-- phpMyAdmin SQL Dump
-- version 4.8.2
-- https://www.phpmyadmin.net/
--
-- Host: localhost:3306
-- Generation Time: Apr 02, 2019 at 02:56 AM
-- Server version: 5.7.23
-- PHP Version: 7.1.21

SET SQL_MODE = "NO_AUTO_VALUE_ON_ZERO";
SET AUTOCOMMIT = 0;
START TRANSACTION;
SET time_zone = "+00:00";


/*!40101 SET @OLD_CHARACTER_SET_CLIENT=@@CHARACTER_SET_CLIENT */;
/*!40101 SET @OLD_CHARACTER_SET_RESULTS=@@CHARACTER_SET_RESULTS */;
/*!40101 SET @OLD_COLLATION_CONNECTION=@@COLLATION_CONNECTION */;
/*!40101 SET NAMES utf8mb4 */;

--
-- Database: `chandru`
--

-- --------------------------------------------------------

--
-- Table structure for table `cashdiscount`
--

CREATE TABLE `cashdiscount` (
  `id` int(11) NOT NULL,
  `invoice_id` int(11) DEFAULT NULL,
  `cashdiscount` double NOT NULL,
  `percentage` double NOT NULL
) ENGINE=InnoDB DEFAULT CHARSET=utf8 COLLATE=utf8_unicode_ci;

-- --------------------------------------------------------

--
-- Table structure for table `category`
--

CREATE TABLE `category` (
  `id` int(11) NOT NULL,
  `category` varchar(255) COLLATE utf8_unicode_ci NOT NULL
) ENGINE=InnoDB DEFAULT CHARSET=utf8 COLLATE=utf8_unicode_ci;

--
-- Dumping data for table `category`
--

INSERT INTO `category` (`id`, `category`) VALUES
(1, 'General'),
(2, 'PIERR CARRDIN'),
(3, 'FLAIR'),
(4, 'NAVNEET');

-- --------------------------------------------------------

--
-- Table structure for table `customer`
--

CREATE TABLE `customer` (
  `id` int(11) NOT NULL,
  `state_id` int(11) DEFAULT NULL,
  `company` varchar(50) COLLATE utf8_unicode_ci NOT NULL,
  `address1` varchar(255) COLLATE utf8_unicode_ci NOT NULL,
  `address2` varchar(255) COLLATE utf8_unicode_ci DEFAULT NULL,
  `city` varchar(50) COLLATE utf8_unicode_ci NOT NULL,
  `pincode` varchar(6) COLLATE utf8_unicode_ci NOT NULL,
  `mobile` varchar(255) COLLATE utf8_unicode_ci NOT NULL,
  `gstin` varchar(255) COLLATE utf8_unicode_ci DEFAULT NULL,
  `joineddate` date NOT NULL
) ENGINE=InnoDB DEFAULT CHARSET=utf8 COLLATE=utf8_unicode_ci;

--
-- Dumping data for table `customer`
--

INSERT INTO `customer` (`id`, `state_id`, `company`, `address1`, `address2`, `city`, `pincode`, `mobile`, `gstin`, `joineddate`) VALUES
(1, 33, 'THE ROYAL STATIONERY', '2/221,VENGAIVASAL MAIN ROAD', 'SANTHOSHPURAM', 'CHENNAI', '600073', '044-42837186', 'OO', '2018-11-03'),
(2, 33, 'HAPPY SHOPPING CENTRE', '5/228,A-2 MAIN ROAD', 'VIJANAGARAM, MEDAVAKKAM', 'CHENNAI', '600010', '9791122444', NULL, '2018-11-03'),
(3, 33, 'KRISHNA FANCY STORE ( SANTHOSHPURAM )', 'NO:115, VENGAIVASAL MAIN ROAD', 'SANTHOSHPURAM', 'CHENNAI', '600073', '9940139473', NULL, '2018-11-03'),
(4, 33, 'HI-FI BAGS', 'NO:28 SRI RANGANATHAN NAGAR,AGARAM MAIN ROAD,', 'SELAIYUR', 'CHENNAI', '600073', '9789046750', '33ABZP15818A1ZN', '2018-11-03'),
(5, 33, 'BG XEROX & STATIONERY', '46,AGARAM MAIN ROAD,', 'RANGANATHA STREET,SELAIYUR', 'CHENNAI', '600073', '9444406014', NULL, '2018-11-03'),
(6, 33, 'SARAVANA BOOKS AND STATIONERIES', 'NO:967 VELACHERRY MAIN ROAD, CAMP ROAD,', 'SELAIYUR', 'CHENNAI', '600073', '9962658685', NULL, '2018-11-03'),
(7, 33, 'DEVI SUPER MARKET', 'NO:5/194, 2ND MAIN ROAD,VIJAYA NAGARAM,', 'MEDAVAKKAM', 'CHENNAI', '600010', '9940194729', NULL, '2018-11-04'),
(8, 33, 'SINGAPORE SHOPPEE', '7/18, INDIRA GANDHI ROAD,', 'PALLAVARAM', 'CHENNAI', '600043', '044-22643586', '33AAVFS8717R1Z1', '2018-11-13'),
(9, 33, 'APARNAA STATIONERIES', '106,NALLATHAMBI ROAD,ANNA NAGAR,', 'PAMMAL', 'CHENNAI', '600075', '78871426091', NULL, '2018-11-13'),
(10, 33, 'PALLAVARAM BOOK CENTRE', '8/26,RANGANATHA MUTHALI STREET,', 'PALLAVARAM', 'CHENNAI', '600043', '915075210', NULL, '2018-11-13'),
(11, 33, 'JOY FANCY & GIFT GENRAL ITEMS', '4/13 ,CHURCH STREET', 'PALLAVARAM', 'CHENNAI', '600048', '98888', NULL, '2018-11-13'),
(12, 33, 'SRI KRISHNNA FANCY STORE', '101,J.N ROAD', 'ANAGAPUTHUR', 'CHENNAI', '600070', '98888', NULL, '2018-11-13'),
(13, 33, 'GANAPATHY ENTERPRISES', 'PLOT NO:78,SHOP NO :3,MADAMBAKKAM MAIN ROAD', 'SUDHARSAN NAGAR, MADAMBAKKAM', 'CHENNAI', '600126', '8124168596,8838691719', '..', '2018-11-21'),
(14, 33, 'SENDURAAN PAPERS', 'SRI SARAVANA PLAZA', 'NO:77 MADAMBAKKAM MAIN ROAD, MADAMBAKKAM', 'CHENNAI', '600073', '9884032850', NULL, '2018-11-21'),
(15, 33, 'ESUNS HOME NEEDS', 'NO:171,MADAMBAKKAM MAIN ROAD,MARUTHI NAGAR', 'MADAMBAKKAM', 'CHENNAI', '600126', '9940156323', '33AIXPC0526AIZT', '2018-11-21'),
(16, 33, 'CITY STATIONERY', 'NO:23,(OPP) JAIN APARTMENT,MADAMBAKKAM MAIN ROAD,', 'RAJAKILPAKKAM', 'CHENNAI', '600073', '9791135911', NULL, '2018-11-21'),
(17, 33, 'SAIRAM STATIONARIES AND GIFTS', 'NO:73, MADAMBAKKAM MAIN ROAD,MARUTHI NAGAR,', 'MADAMBAKKAM', 'CHENNAI', '600126', '9840132657', NULL, '2018-11-21'),
(18, 33, 'KRISHNA FANCY STORES ( PADUVANCHERY )', 'NO:1, AGARAM MAIN ROAD,PADUVANCHERY', 'SELAIYUR', 'CHENNAI', '600126', '8608806164', NULL, '2018-11-21'),
(19, 33, 'BISMI BOOK CENTRE', 'NO,6, 1ST PILLAIYAR KOIL STREET, LAKSHIMIPURAM', 'CHROMEPET', 'CHENNAI', '600044', '9789933018', NULL, '2018-11-28'),
(20, 33, 'NEW MERCY SUPERMARKET', 'NO:1,BHARATHIYAR STREET,', 'KAMARAJAPURAM', 'CHENNAI', '600073', '9094660683', NULL, '2018-12-03'),
(21, 33, 'HAPPY HOMES STATIONERY', 'NO:40, KAMARAJAPURAM MAIN ROAD,', 'KAMARAJAPURAM', 'CHENNAI', '6000', '9841872557', NULL, '2018-12-03'),
(22, 33, 'SARAVANA BOOK CENTRE', 'NO:969,VELACHERYMAIN ROAD,', 'SELAIYUR', 'CHENNAI', '6OO0', '9884773340', NULL, '2018-12-03'),
(23, 33, 'PREETHI STATIONERY AND FANCY', 'NO:3, MUTHALAMMAN STREET,', 'CHITTALAPAKKAM', 'CHENNAI', '600064', '9841147524', NULL, '2018-11-04'),
(24, 33, 'CHANRU STATIONERY', 'NO:4 PILLAIYARKOI STREET,LAKSHMIPURAM', 'CHROMEPET', 'CHENNAI', '600044', '7708521432', NULL, '2018-11-04'),
(25, 33, 'SRI GIRI SHOPPEE', 'NO:7.CLC, WORKS ROAD', 'NEW COLONY,CHROMEPET', 'CHENNAI', '600044', '044-22415404', NULL, '2018-12-06'),
(26, 33, 'BLOSSOMS', 'NO:68/6, KAKKAN STREET', 'WEST TAMBARAM', 'CHENNAI', '600045', '9840206010', '33AKXPV1817FIZS', '2018-12-12'),
(27, 33, 'A.R. BOOKS STORE', '24/16,THERADI STREET,', 'THIRUNEERMALAI', 'CHENNAI', '600044', '9789840173', NULL, '2019-01-14'),
(28, 33, 'PEN AND PENCIL', '10, Gandhi street Extention,', 'Haridaspuram,Chitlapakam', 'chennai', '600064', '9362944211 / 9791054463', NULL, '2019-01-18'),
(29, 33, 'BISMI BOOK CENTRE 1', '195, Radha nagar Main road', 'CHROMEPET', 'chennai', '600044', '044-22654849', NULL, '2019-01-18'),
(30, 33, 'PANDIAN SUPER MARKET', 'NO:39, Dr. Rajendra prasad road,', 'Neru nagar,chromepet', 'chennai', '600044', '044-22233865', '33ACOPC7114R1ZA', '2019-01-18'),
(31, 33, 'SARASWATHY STORE', '11/A RB Road, Nehru nagar', 'chromepet', 'chennai', '600044', '044-22233734', NULL, '2019-01-18'),
(32, 33, 'SRI VENKATESWARA BOOKS & STATIONARIES', 'NO:1-B Ayyanaar complex', 'camp road junction,Selaiyur', 'chennai', '600073', '044-', NULL, '2019-01-29'),
(33, 33, 'INFINITE CONSULTANCIES', '1, Venugopal Street, Mahalakshmi Nagar Signal,Tambaram-', 'Velachery Main Road,', 'Chennai', '600073', '87545 95439', NULL, '2019-01-11'),
(34, 33, 'POOJA FANCY STORE ( POZHICHALUR )', '6/241,VENKATESHWARA NAGAR, POZHICHALUR MAIN ROAD,', 'POZHICHALUR', 'CHENNAI', '600074', '9566120321', '33CLHPP3715KIZY', '2019-02-05'),
(35, 33, 'PRIYA ENTERPRISES', 'NO:7, K.V.R. NAGAR,', 'SELAIYUR', 'CHENNAI', '600073', '044-22292782', '33AFVPP1424P1ZV', '2019-02-06'),
(36, 33, 'BHARATHALAKSHMI SHOPPING', 'NO1 DHUNUGAMMAL NAGAR', 'MEEDAMPAKKAM', 'CHENNAI', '600073', '988', NULL, '2019-02-18'),
(37, 33, 'AMBAJI FANCY STORE', 'NO:7, AGARAM MAIN ROAD', 'SECRETARY COLONY, PADUVANCHERY', 'CHENNAI', '600126', '988', NULL, '2019-02-18'),
(38, 33, 'POOJA STATIONERY ( VELACHERY )', '291,VELACHERY MAIN ROAD', 'VELACHERY ( LANDMARK VIJAYANAGAR BUS STAND )', 'CHENNAI', '600042', '9962837774', NULL, '2019-02-26'),
(39, 33, 'KRISHNA FANCY STORE ( MADAMBAKKAM )', '63A,ANNA NAGAR BUS STOP', 'MADAMBAKKAM', 'CHENNAI', '600126', '7940161830', NULL, '2019-03-09'),
(40, 33, 'NEW INDIAN STATIONERY STORE', '77, PATHY POOSANAM COMPLEX,', 'CAMP ROAD, SELAYAR', 'CHENNAI', '600073', '00', NULL, '2019-03-11'),
(41, 33, 'LAKSHMI SHOPING', '28,FLOT NO:7 VALLAL YUSUF NGAR', 'CHITALAPAKKAM MAIN ROAD, SELAYUR', 'CHENNAI', '600073', '9791145577', '33CUOPM8922PIZR', '2019-03-11');

-- --------------------------------------------------------

--
-- Table structure for table `expanses`
--

CREATE TABLE `expanses` (
  `id` int(11) NOT NULL,
  `name` varchar(255) COLLATE utf8_unicode_ci NOT NULL,
  `invoicedate` date NOT NULL,
  `amount` double NOT NULL,
  `description` longtext COLLATE utf8_unicode_ci NOT NULL
) ENGINE=InnoDB DEFAULT CHARSET=utf8 COLLATE=utf8_unicode_ci;

--
-- Dumping data for table `expanses`
--

INSERT INTO `expanses` (`id`, `name`, `invoicedate`, `amount`, `description`) VALUES
(1, 'OFFICE OPENING', '2018-11-10', 1200, 'SWEET,FLOWER,POOJA OTHER'),
(2, 'BILLING SOFTWARE', '2018-11-15', 10000, 'BILLING'),
(3, 'PETROL', '2018-11-19', 50, 'PETROL'),
(4, 'PETROL', '2018-12-23', 50, 'PALLAVARAM'),
(5, 'PETROL', '2018-12-05', 50, 'DELIVERY AND cash collection'),
(6, 'ajith', '2018-11-10', 2000, 'salary'),
(7, 'PETROL', '2019-01-05', 50, 'PETROL'),
(8, 'salary', '2019-01-14', 2000, 'dec month salary'),
(10, 'petrol', '2019-02-08', 50, 'petrol'),
(11, 'petrol', '2019-02-15', 50, 'petrol'),
(12, 'bike service', '2019-02-18', 1150, 'oil, genral service');

-- --------------------------------------------------------

--
-- Table structure for table `fos_user`
--

CREATE TABLE `fos_user` (
  `id` int(11) NOT NULL,
  `username` varchar(180) COLLATE utf8_unicode_ci NOT NULL,
  `username_canonical` varchar(180) COLLATE utf8_unicode_ci NOT NULL,
  `email` varchar(180) COLLATE utf8_unicode_ci NOT NULL,
  `email_canonical` varchar(180) COLLATE utf8_unicode_ci NOT NULL,
  `enabled` tinyint(1) NOT NULL,
  `salt` varchar(255) COLLATE utf8_unicode_ci DEFAULT NULL,
  `password` varchar(255) COLLATE utf8_unicode_ci NOT NULL,
  `last_login` datetime DEFAULT NULL,
  `confirmation_token` varchar(180) COLLATE utf8_unicode_ci DEFAULT NULL,
  `password_requested_at` datetime DEFAULT NULL,
  `roles` longtext COLLATE utf8_unicode_ci NOT NULL COMMENT '(DC2Type:array)'
) ENGINE=InnoDB DEFAULT CHARSET=utf8 COLLATE=utf8_unicode_ci;

--
-- Dumping data for table `fos_user`
--

INSERT INTO `fos_user` (`id`, `username`, `username_canonical`, `email`, `email_canonical`, `enabled`, `salt`, `password`, `last_login`, `confirmation_token`, `password_requested_at`, `roles`) VALUES
(1, 'md', 'md', 'md@srkitsolutions.com', 'md@srkitsolutions.com', 1, NULL, '$2y$13$Go8vKYRp0F.fTO4uAGDFLeD8.OZXBlHRV/qtU7BSfOBnj9twFFEV.', '2019-03-19 12:59:55', NULL, NULL, 'a:1:{i:0;s:16:\"ROLE_SUPER_ADMIN\";}'),
(2, 'chandru', 'chandru', 'kannanseeni@gmail.com', 'kannanseeni@gmail.com', 1, NULL, '$2y$13$jeNnEFMD4UHe3gTcpJ3ipOVSwZJg1KdUUNIOTRRC5nGWPPiyjz0ta', '2019-03-19 17:09:43', NULL, NULL, 'a:1:{i:0;s:16:\"ROLE_SUPER_ADMIN\";}');

-- --------------------------------------------------------

--
-- Table structure for table `invoice`
--

CREATE TABLE `invoice` (
  `id` int(11) NOT NULL,
  `customer_id` int(11) DEFAULT NULL,
  `invoicedate` date NOT NULL,
  `invoicenumber` int(11) NOT NULL,
  `company` varchar(50) COLLATE utf8_unicode_ci NOT NULL,
  `address1` varchar(255) COLLATE utf8_unicode_ci NOT NULL,
  `address2` varchar(255) COLLATE utf8_unicode_ci DEFAULT NULL,
  `city` varchar(50) COLLATE utf8_unicode_ci NOT NULL,
  `pincode` varchar(6) COLLATE utf8_unicode_ci NOT NULL,
  `state` varchar(50) COLLATE utf8_unicode_ci NOT NULL,
  `statecode` varchar(50) COLLATE utf8_unicode_ci NOT NULL,
  `mobile` varchar(255) COLLATE utf8_unicode_ci NOT NULL,
  `gstin` varchar(255) COLLATE utf8_unicode_ci DEFAULT NULL,
  `subtotal` double NOT NULL,
  `cgst` double NOT NULL,
  `sgst` double NOT NULL,
  `igst` double NOT NULL,
  `grandtotal` double NOT NULL,
  `inwords` varchar(255) COLLATE utf8_unicode_ci DEFAULT NULL,
  `status` tinyint(1) NOT NULL,
  `paiddate` date DEFAULT NULL,
  `balance` double NOT NULL,
  `cancel` tinyint(1) NOT NULL,
  `cashdiscount` double NOT NULL
) ENGINE=InnoDB DEFAULT CHARSET=utf8 COLLATE=utf8_unicode_ci;

--
-- Dumping data for table `invoice`
--

INSERT INTO `invoice` (`id`, `customer_id`, `invoicedate`, `invoicenumber`, `company`, `address1`, `address2`, `city`, `pincode`, `state`, `statecode`, `mobile`, `gstin`, `subtotal`, `cgst`, `sgst`, `igst`, `grandtotal`, `inwords`, `status`, `paiddate`, `balance`, `cancel`, `cashdiscount`) VALUES
(26, 5, '2018-11-11', 1, 'BG XEROX & STATIONERY', '46,AGARAM MAIN ROAD,', 'RANGANATHA STREET,SELAIYUR', 'CHENNAI', '600073', 'TAMIL NADU', '33', '9444406014', NULL, 1525.43, 137.29, 137.29, 0, 1800, NULL, 1, '2018-11-11', 0, 0, 0),
(27, 4, '2018-11-11', 2, 'HI-FI BAGS', 'NO:28 SRI RANGANATHAN NAGAR,AGARAM MAIN ROAD,', 'SELAIYUR', 'CHENNAI', '600073', 'TAMIL NADU', '33', '9789046750', '33ABZP15818A1ZN', 1318.62, 88.85000000000001, 88.85000000000001, 0, 1496, NULL, 1, '2018-11-27', 0, 0, 0),
(28, 6, '2018-11-11', 3, 'SARAVANA BOOKS AND STATIONERIES', 'NO:967 VELACHERRY MAIN ROAD, CAMP ROAD,', 'SELAIYUR', 'CHENNAI', '600073', 'TAMIL NADU', '33', '9962658685', NULL, 1322.5, 104.71000000000001, 104.71000000000001, 0, 1532, NULL, 1, '2018-11-27', 0, 0, 0),
(29, 1, '2018-11-11', 4, 'THE ROYAL STATIONERY', '2/221,VENGAIVASAL MAIN ROAD', 'SANTHOSHPURAM', 'CHENNAI', '600073', 'TAMIL NADU', '33', '044-42837186', 'OO', 2520.3100000000004, 174.10999999999999, 174.10999999999999, 0, 2869, NULL, 1, '2018-12-12', 0, 0, 0),
(30, 2, '2018-11-11', 5, 'HAPPY SHOPPING CENTRE', '5/228,A-2 MAIN ROAD', 'VIJANAGARAM, MEDAVAKKAM', 'CHENNAI', '600010', 'TAMIL NADU', '33', '9791122444', NULL, 0, 0, 0, 0, 0, NULL, 0, NULL, 0, 1, 0),
(35, 10, '2018-11-15', 10, 'PALLAVARAM BOOK CENTRE', '8/26,RANGANATHA MUTHALI STREET,', 'PALLAVARAM', 'CHENNAI', '600043', 'TAMIL NADU', '33', '915075210', NULL, 1339.3000000000002, 80.37, 80.37, 0, 1500, NULL, 1, '2019-01-05', 0, 0, 0),
(41, 12, '2018-11-19', 14, 'SRI KRISHNNA FANCY STORE', '101,J.N ROAD', 'ANAGAPUTHUR', 'CHENNAI', '600070', 'TAMIL NADU', '33', '98888', NULL, 401.8, 24.11, 24.11, 0, 450, NULL, 1, '2018-11-21', 0, 0, 0),
(42, 13, '2018-11-24', 15, 'GANAPATHY ENTERPRISES', 'PLOT NO:78,SHOP NO :3,MADAMBAKKAM MAIN ROAD', 'SUDHARSAN NAGAR, MADAMBAKKAM', 'CHENNAI', '600126', 'TAMIL NADU', '33', '8124168596,8838691719', '..', 1295.95, 87.09, 87.09, 0, 1470, NULL, 1, '2018-12-10', 0, 0, 0),
(43, 14, '2018-11-24', 16, 'SENDURAAN PAPERS', 'SRI SARAVANA PLAZA', 'NO:77 MADAMBAKKAM MAIN ROAD, MADAMBAKKAM', 'CHENNAI', '600073', 'TAMIL NADU', '33', '9884032850', NULL, 0, 0, 0, 0, 0, NULL, 0, NULL, 0, 1, 0),
(44, 15, '2018-11-24', 17, 'ESUNS HOME NEEDS', 'NO:171,MADAMBAKKAM MAIN ROAD,MARUTHI NAGAR', 'MADAMBAKKAM', 'CHENNAI', '600126', 'TAMIL NADU', '33', '9940156323', '33AIXPC0526AIZT', 2032.83, 148.6, 148.6, 0, 2330, NULL, 0, NULL, 30, 0, 0),
(45, 16, '2018-11-24', 18, 'CITY STATIONERY', 'NO:23,(OPP) JAIN APARTMENT,MADAMBAKKAM MAIN ROAD,', 'RAJAKILPAKKAM', 'CHENNAI', '600073', 'TAMIL NADU', '33', '9791135911', NULL, 2343.79, 140.62999999999997, 140.62999999999997, 0, 2625, NULL, 0, NULL, 500, 0, 0),
(46, 17, '2018-11-24', 19, 'SAIRAM STATIONARIES AND GIFTS', 'NO:73, MADAMBAKKAM MAIN ROAD,MARUTHI NAGAR,', 'MADAMBAKKAM', 'CHENNAI', '600126', 'TAMIL NADU', '33', '9840132657', NULL, 1969.66, 155.17, 155.17, 0, 2280, NULL, 1, '2019-01-11', 0, 0, 0),
(47, 3, '2018-11-24', 20, 'KRISHNA FANCY STORE', 'NO:115, VENGAIVASAL MAIN ROAD', 'SANTHOSHPURAM', 'CHENNAI', '600073', 'TAMIL NADU', '33', '9940139473', NULL, 0, 0, 0, 0, 0, NULL, 0, NULL, 0, 1, 0),
(48, 18, '2018-11-24', 21, 'KRISHNA FANCY STORES', 'NO:1, AGARAM MAIN ROAD,PADUVANCHERY', 'SELAIYUR', 'CHENNAI', '600126', 'TAMIL NADU', '33', '8608806164', NULL, 1767.18, 128.91, 128.91, 0, 2025, NULL, 1, '2018-12-15', 0, 0, 0),
(50, 11, '2018-11-22', 23, 'JOY FANCY & GIFT GENRAL ITEMS', '4/13 ,CHURCH STREET', 'PALLAVARAM', 'CHENNAI', '600048', 'TAMIL NADU', '33', '98888', NULL, 624.25, 44.129999999999995, 44.129999999999995, 0, 713, NULL, 1, '2018-12-17', 0, 0, 0),
(51, 8, '2018-11-22', 24, 'SINGAPORE SHOPPEE', '7/18, INDIRA GANDHI ROAD,', 'PALLAVARAM', 'CHENNAI', '600043', 'TAMIL NADU', '33', '044-22643586', '33AAVFS8717R1Z1', 2267.95, 64.15, 64.15, 0, 2396, NULL, 1, '2019-01-11', 0, 0, 0),
(52, 9, '2018-11-23', 25, 'APARNAA STATIONERIES', '106,NALLATHAMBI ROAD,ANNA NAGAR,', 'PAMMAL', 'CHENNAI', '600075', 'TAMIL NADU', '33', '78871426091', NULL, 1757.8300000000004, 105.45999999999998, 105.45999999999998, 0, 1969, NULL, 1, '2018-12-18', 0, 0, 0),
(53, 19, '2018-11-28', 26, 'BISMI BOOK CENTRE', 'NO,6, 1ST PILLAIYAR KOIL STREET, LAKSHIMIPURAM', 'CHROMEPET', 'CHENNAI', '600044', 'TAMIL NADU', '33', '9789933018', NULL, 3391.42, 216.83000000000004, 216.83000000000004, 0, 3825, NULL, 1, '2019-01-06', 0, 0, 0),
(54, 20, '2018-12-04', 27, 'NEW MERCY SUPERMARKET', 'NO:1,BHARATHIYAR STREET,', 'KAMARAJAPURAM', 'CHENNAI', '600073', 'TAMIL NADU', '33', '9094660683', NULL, 1677.98, 151.01999999999998, 151.01999999999998, 0, 1980, NULL, 1, '2019-01-05', 0, 0, 0),
(55, 21, '2018-12-05', 28, 'HAPPY HOMES STATIONERY', 'NO:40, KAMARAJAPURAM MAIN ROAD,', 'KAMARAJAPURAM', 'CHENNAI', '6000', 'TAMIL NADU', '33', '9841872557', NULL, 1248.46, 88.26, 88.26, 0, 1425, NULL, 0, NULL, 28, 0, 0),
(56, 22, '2018-12-05', 29, 'SARAVANA BOOK CENTRE', 'NO:969,VELACHERYMAIN ROAD,', 'SELAIYUR', 'CHENNAI', '6OO0', 'TAMIL NADU', '33', '9884773340', NULL, 1717.5900000000001, 103.06, 103.06, 0, 1924, NULL, 1, '2019-01-02', 0, 0, 0),
(57, 23, '2018-12-07', 30, 'PREETHI STATIONERY AND FANCY', 'NO:3, MUTHALAMMAN STREET,', 'CHITTALAPAKKAM', 'CHENNAI', '600064', 'TAMIL NADU', '33', '9841147524', NULL, 401.76, 24.11, 24.11, 0, 450, NULL, 1, '2019-01-09', 0, 0, 0),
(58, 24, '2018-12-07', 31, 'CHANRU STATIONERY', 'NO:4 PILLAIYARKOI STREET,LAKSHMIPURAM', 'CHROMEPET', 'CHENNAI', '600044', 'TAMIL NADU', '33', '7708521432', NULL, 804.31, 60.94, 60.94, 0, 926, NULL, 1, '2019-01-11', -74, 0, 0),
(60, 25, '2018-12-08', 32, 'SRI GIRI SHOPPEE', 'NO:7.CLC, WORKS ROAD', 'NEW COLONY,CHROMEPET', 'CHENNAI', '600044', 'TAMIL NADU', '33', '044-22415404', NULL, 1238.22, 93.35999999999999, 93.35999999999999, 0, 1425, NULL, 1, '2019-02-14', -100, 0, 0),
(61, 19, '2018-12-08', 33, 'BISMI BOOK CENTRE', 'NO,6, 1ST PILLAIYAR KOIL STREET, LAKSHIMIPURAM', 'CHROMEPET', 'CHENNAI', '600044', 'TAMIL NADU', '33', '9789933018', NULL, 4440.289999999999, 393.6, 393.6, 0, 5227, NULL, 1, '2019-02-14', 0, 0, 0),
(62, 26, '2018-12-12', 34, 'BLOSSOMS', 'NO:68/6, KAKKAN STREET', 'WEST TAMBARAM', 'CHENNAI', '600045', 'TAMIL NADU', '33', '9840206010', '33AKXPV1817FIZS', 3219.6099999999997, 272.7, 272.7, 0, 3765, NULL, 1, '2018-12-05', 0, 0, 0),
(63, 24, '2019-01-10', 35, 'CHANRU STATIONERY', 'NO:4 PILLAIYARKOI STREET,LAKSHMIPURAM', 'CHROMEPET', 'CHENNAI', '600044', 'TAMIL NADU', '33', '7708521432', NULL, 0, 0, 0, 0, 0, NULL, 0, NULL, 0, 1, 0),
(64, 14, '2019-01-12', 36, 'SENDURAAN PAPERS', 'SRI SARAVANA PLAZA', 'NO:77 MADAMBAKKAM MAIN ROAD, MADAMBAKKAM', 'CHENNAI', '600073', 'TAMIL NADU', '33', '9884032850', NULL, 1764.38, 111.57, 111.57, 0, 1988, NULL, 1, '2019-02-20', 0, 0, 0),
(65, 13, '2019-01-12', 37, 'GANAPATHY ENTERPRISES', 'PLOT NO:78,SHOP NO :3,MADAMBAKKAM MAIN ROAD', 'SUDHARSAN NAGAR, MADAMBAKKAM', 'CHENNAI', '600126', 'TAMIL NADU', '33', '8124168596,8838691719', '..', 737.28, 66.36, 66.36, 0, 870, NULL, 1, '2019-02-14', 0, 0, 0),
(66, 8, '2019-01-18', 38, 'SINGAPORE SHOPPEE', '7/18, INDIRA GANDHI ROAD,', 'PALLAVARAM', 'CHENNAI', '600043', 'TAMIL NADU', '33', '044-22643586', '33AAVFS8717R1Z1', 0, 0, 0, 0, 0, NULL, 0, NULL, 0, 0, 0),
(67, 28, '2019-01-18', 39, 'PEN AND PENCIL', '10, Gandhi street Extention,', 'Haridaspuram,Chitlapakam', 'chennai', '600064', 'TAMIL NADU', '33', '9362944211 / 9791054463', NULL, 552.12, 42.660000000000004, 42.660000000000004, 0, 637, NULL, 0, NULL, 19, 0, 0),
(68, 19, '2019-01-18', 40, 'BISMI BOOK CENTRE', 'NO,6, 1ST PILLAIYAR KOIL STREET, LAKSHIMIPURAM', 'CHROMEPET', 'CHENNAI', '600044', 'TAMIL NADU', '33', '9789933018', NULL, 0, 0, 0, 0, 0, NULL, 0, NULL, 0, 1, 0),
(69, 29, '2019-01-18', 41, 'BISMI BOOK CENTRE 1', '195, Radha nagar Main road', 'CHROMEPET', 'chennai', '600044', 'TAMIL NADU', '33', '044-22654849', NULL, 889.8, 80.08, 80.08, 0, 1050, NULL, 0, NULL, 500, 0, 0),
(70, 30, '2019-01-18', 42, 'PANDIAN SUPER MARKET', 'NO:39, Dr. Rajendra prasad road,', 'Neru nagar,chromepet', 'chennai', '600044', 'TAMIL NADU', '33', '044-22233865', '33ACOPC7114R1ZA', 2825.0699999999997, 254.26000000000002, 254.26000000000002, 0, 3334, NULL, 0, NULL, 3334, 0, 0),
(71, 31, '2019-01-18', 43, 'SARASWATHY STORE', '11/A RB Road, Nehru nagar', 'chromepet', 'chennai', '600044', 'TAMIL NADU', '33', '044-22233734', NULL, 2159.6, 129.57999999999998, 129.57999999999998, 0, 2419, NULL, 1, '2019-02-14', 0, 0, 0),
(72, 27, '2019-01-18', 44, 'A.R. BOOKS STORE', '24/16,THERADI STREET,', 'THIRUNEERMALAI', 'CHENNAI', '600044', 'TAMIL NADU', '33', '9789840173', NULL, 1353.5900000000001, 84.44999999999997, 84.44999999999997, 0, 1522, NULL, 0, NULL, 1522, 0, 0),
(76, 14, '2019-01-26', 45, 'SENDURAAN PAPERS', 'SRI SARAVANA PLAZA', 'NO:77 MADAMBAKKAM MAIN ROAD, MADAMBAKKAM', 'CHENNAI', '600073', 'TAMIL NADU', '33', '9884032850', NULL, 401.79, 24.11, 24.11, 0, 450, NULL, 0, NULL, 450, 0, 2.64),
(77, 21, '2019-01-29', 46, 'HAPPY HOMES STATIONERY', 'NO:40, KAMARAJAPURAM MAIN ROAD,', 'KAMARAJAPURAM', 'CHENNAI', '6000', 'TAMIL NADU', '33', '9841872557', NULL, 1646.1599999999999, 148.15, 148.15, 0, 1903.16, NULL, 0, NULL, 0.16000000000008, 0, 38.84),
(78, 32, '2019-01-29', 47, 'SRI VENKATESWARA BOOKS & STATIONARIES', 'NO:1-B Ayyanaar complex', 'camp road junction,Selaiyur', 'chennai', '600073', 'TAMIL NADU', '33', '044-', NULL, 3096.5400000000004, 204.84999999999997, 204.84999999999997, 0, 3506, NULL, 0, NULL, 106, 0, 0),
(79, 4, '2019-01-29', 48, 'HI-FI BAGS', 'NO:28 SRI RANGANATHAN NAGAR,AGARAM MAIN ROAD,', 'SELAIYUR', 'CHENNAI', '600073', 'TAMIL NADU', '33', '9789046750', '33ABZP15818A1ZN', 502.26, 30.14, 30.14, 0, 563, NULL, 1, '2019-03-02', 0, 0, 0),
(80, 6, '2019-01-29', 49, 'SARAVANA BOOKS AND STATIONERIES', 'NO:967 VELACHERRY MAIN ROAD, CAMP ROAD,', 'SELAIYUR', 'CHENNAI', '600073', 'TAMIL NADU', '33', '9962658685', NULL, 2499.4700000000003, 167.76999999999998, 167.76999999999998, 0, 2835, NULL, 1, '2019-02-19', 2835, 0, 0),
(81, 1, '2019-01-29', 50, 'THE ROYAL STATIONERY', '2/221,VENGAIVASAL MAIN ROAD', 'SANTHOSHPURAM', 'CHENNAI', '600073', 'TAMIL NADU', '33', '044-42837186', 'OO', 2018.5700000000004, 134.47, 134.47, 0, 2288, NULL, 0, NULL, 788, 0, 0),
(82, 33, '2019-01-29', 51, 'PEN HOUSE', '1, Venugopal Street, Mahalakshmi Nagar Signal,Tambaram-', 'Velachery Main Road,', 'Chennai', '600073', 'TAMIL NADU', '33', '87545 95439', NULL, 1974.9, 137.56, 137.56, 0, 2250, NULL, 0, NULL, 2250, 0, 0),
(84, 27, '2019-01-31', 52, 'A.R. BOOKS STORE', '24/16,THERADI STREET,', 'THIRUNEERMALAI', 'CHENNAI', '600044', 'TAMIL NADU', '33', '9789840173', NULL, 1519.8300000000002, 92.99, 92.99, 0, 1706, NULL, 0, NULL, 1706, 0, 0),
(85, 24, '2019-02-05', 53, 'CHANRU STATIONERY', 'NO:4 PILLAIYARKOI STREET,LAKSHMIPURAM', 'CHROMEPET', 'CHENNAI', '600044', 'TAMIL NADU', '33', '7708521432', NULL, 75, 0, 0, 0, 75, NULL, 0, NULL, 75, 0, 0),
(86, 19, '2019-02-05', 54, 'BISMI BOOK CENTRE', 'NO,6, 1ST PILLAIYAR KOIL STREET, LAKSHIMIPURAM', 'CHROMEPET', 'CHENNAI', '600044', 'TAMIL NADU', '33', '9789933018', NULL, 762.7, 68.64, 68.64, 0, 900, NULL, 0, NULL, 900, 0, 0),
(87, 27, '2019-02-06', 55, 'A.R. BOOKS STORE', '24/16,THERADI STREET,', 'THIRUNEERMALAI', 'CHENNAI', '600044', 'TAMIL NADU', '33', '9789840173', NULL, 1246.65, 78.56, 78.56, 0, 1404, NULL, 0, NULL, 1404, 0, 0),
(88, 10, '2019-02-07', 56, 'PALLAVARAM BOOK CENTRE', '8/26,RANGANATHA MUTHALI STREET,', 'PALLAVARAM', 'CHENNAI', '600043', 'TAMIL NADU', '33', '915075210', NULL, 2507.21, 150.44, 150.44, 0, 2808, NULL, 0, NULL, 1808, 0, 0),
(89, 34, '2019-02-07', 57, 'POOJA FANCY STORE', '6/241,VENKATESHWARA NAGAR, POZHICHALUR MAIN ROAD,', 'POZHICHALUR', 'CHENNAI', '600074', 'TAMIL NADU', '33', '9566120321', '33CLHPP3715KIZY', 3936.4700000000003, 354.28000000000003, 354.28000000000003, 0, 4645, NULL, 0, NULL, 645, 0, 0),
(90, 35, '2019-02-07', 58, 'PRIYA ENTERPRISES', 'NO:7, K.V.R. NAGAR,', 'SELAIYUR', 'CHENNAI', '600073', 'TAMIL NADU', '33', '044-22292782', '33AFVPP1424P1ZV', 5051.25, 0, 0, 0, 5051, NULL, 1, '2019-02-14', 0, 0, 0),
(91, 6, '2019-02-09', 59, 'SARAVANA BOOKS AND STATIONERIES', 'NO:967 VELACHERRY MAIN ROAD, CAMP ROAD,', 'SELAIYUR', 'CHENNAI', '600073', 'TAMIL NADU', '33', '9962658685', NULL, 5649, 0, 0, 0, 5649, NULL, 0, NULL, 2649, 0, 0),
(92, 25, '2019-02-11', 60, 'SRI GIRI SHOPPEE', 'NO:7.CLC, WORKS ROAD', 'NEW COLONY,CHROMEPET', 'CHENNAI', '600044', 'TAMIL NADU', '33', '044-22415404', NULL, 251.13, 15.07, 15.07, 0, 281, NULL, 0, NULL, 281, 0, 0),
(93, 19, '2019-02-15', 61, 'BISMI BOOK CENTRE', 'NO,6, 1ST PILLAIYAR KOIL STREET, LAKSHIMIPURAM', 'CHROMEPET', 'CHENNAI', '600044', 'TAMIL NADU', '33', '9789933018', NULL, 1525.4, 137.29, 137.29, 0, 1800, NULL, 0, NULL, 1800, 0, 0),
(94, 36, '2019-02-18', 62, 'BHARATHALAKSHMI SHOPPING', 'NO1 DHUNUGAMMAL NAGAR', 'MEEDAMPAKKAM', 'CHENNAI', '600073', 'TAMIL NADU', '33', '988', NULL, 2446.21, 201.41, 201.41, 0, 2849, NULL, 0, NULL, 1949, 0, 0),
(95, 13, '2019-02-18', 63, 'GANAPATHY ENTERPRISES', 'PLOT NO:78,SHOP NO :3,MADAMBAKKAM MAIN ROAD', 'SUDHARSAN NAGAR, MADAMBAKKAM', 'CHENNAI', '600126', 'TAMIL NADU', '33', '8124168596,8838691719', '..', 635.6, 57.2, 57.2, 0, 750, NULL, 1, '2019-03-02', 0, 0, 0),
(96, 3, '2019-02-18', 64, 'KRISHNA FANCY STORE', 'NO:115, VENGAIVASAL MAIN ROAD', 'SANTHOSHPURAM', 'CHENNAI', '600073', 'TAMIL NADU', '33', '9940139473', NULL, 1512.9, 106.03999999999999, 106.03999999999999, 0, 1725, NULL, 0, NULL, 1225, 0, 0),
(97, 37, '2019-02-18', 65, 'AMBAJI FANCY STORE', 'NO:7, AGARAM MAIN ROAD', 'SECRETARY COLONY, PADUVANCHERY', 'CHENNAI', '600126', 'TAMIL NADU', '33', '988', NULL, 1601.81, 129.1, 129.1, 0, 1860, NULL, 1, '2019-03-02', 0, 0, 0),
(98, 14, '2019-02-18', 66, 'SENDURAAN PAPERS', 'SRI SARAVANA PLAZA', 'NO:77 MADAMBAKKAM MAIN ROAD, MADAMBAKKAM', 'CHENNAI', '600073', 'TAMIL NADU', '33', '9884032850', NULL, 1443.47, 123.89, 123.89, 0, 1691, NULL, 0, NULL, 1691, 0, 0),
(100, 27, '2019-02-26', 68, 'A.R. BOOKS STORE', '24/16,THERADI STREET,', 'THIRUNEERMALAI', 'CHENNAI', '600044', 'TAMIL NADU', '33', '9789840173', NULL, 810.9, 55.8, 55.8, 0, 923, NULL, 0, NULL, 923, 0, 0),
(101, 34, '2019-02-26', 69, 'POOJA FANCY STORE', '6/241,VENKATESHWARA NAGAR, POZHICHALUR MAIN ROAD,', 'POZHICHALUR', 'CHENNAI', '600074', 'TAMIL NADU', '33', '9566120321', '33CLHPP3715KIZY', 10129, 0, 0, 0, 10129, NULL, 0, NULL, 10129, 0, 0),
(102, 38, '2019-02-28', 70, 'POOJA STATIONERY', '291,VELACHERY MAIN ROAD', 'VELACHERY ( LANDMARK VIJAYANAGAR BUS STAND )', 'CHENNAI', '600042', 'TAMIL NADU', '33', '9962837774', NULL, 70, 0, 0, 0, 70, NULL, 0, NULL, 70, 0, 0),
(103, 26, '2019-03-02', 71, 'BLOSSOMS', 'NO:68/6, KAKKAN STREET', 'WEST TAMBARAM', 'CHENNAI', '600045', 'TAMIL NADU', '33', '9840206010', '33AKXPV1817FIZS', 4584.320000000001, 369.4, 369.4, 0, 5323, NULL, 0, NULL, 5323, 0, 0),
(104, 19, '2019-03-03', 72, 'BISMI BOOK CENTRE', 'NO,6, 1ST PILLAIYAR KOIL STREET, LAKSHIMIPURAM', 'CHROMEPET', 'CHENNAI', '600044', 'TAMIL NADU', '33', '9789933018', NULL, 1208.48, 45.76, 45.76, 0, 1300, NULL, 0, NULL, 1300, 0, 0),
(105, 13, '2019-03-09', 73, 'GANAPATHY ENTERPRISES', 'PLOT NO:78,SHOP NO :3,MADAMBAKKAM MAIN ROAD', 'SUDHARSAN NAGAR, MADAMBAKKAM', 'CHENNAI', '600126', 'TAMIL NADU', '33', '8124168596,8838691719', '..', 200.8, 12.05, 12.05, 0, 225, NULL, 0, NULL, 225, 0, 0),
(106, 29, '2019-03-09', 74, 'BISMI BOOK CENTRE 1', '195, Radha nagar Main road', 'CHROMEPET', 'chennai', '600044', 'TAMIL NADU', '33', '044-22654849', NULL, 711.8, 64.06, 64.06, 0, 840, NULL, 0, NULL, 840, 0, 0),
(107, 39, '2019-03-09', 75, 'KRISHNA FANCY STORE ( MADAMBAKKAM )', '63A,ANNA NAGAR BUS STOP', 'MADAMBAKKAM', 'CHENNAI', '600126', 'TAMIL NADU', '33', '7940161830', NULL, 1109.72, 93.86, 93.86, 0, 1297, NULL, 1, '2019-03-15', 0, 0, 0),
(108, 34, '2019-03-17', 76, 'POOJA FANCY STORE ( POZHICHALUR )', '6/241,VENKATESHWARA NAGAR, POZHICHALUR MAIN ROAD,', 'POZHICHALUR', 'CHENNAI', '600074', 'TAMIL NADU', '33', '9566120321', '33CLHPP3715KIZY', 762.8, 68.66, 68.66, 0, 900, NULL, 0, NULL, 900, 0, 0),
(109, 40, '2019-03-17', 77, 'NEW INDIAN STATIONERY STORE', '77, PATHY POOSANAM COMPLEX,', 'CAMP ROAD, SELAYAR', 'CHENNAI', '600073', 'TAMIL NADU', '33', '00', NULL, 2559, 224.29, 224.29, 0, 3008, NULL, 0, NULL, 3008, 0, 0),
(110, 31, '2019-03-17', 78, 'SARASWATHY STORE', '11/A RB Road, Nehru nagar', 'chromepet', 'chennai', '600044', 'TAMIL NADU', '33', '044-22233734', NULL, 508.5, 45.77, 45.77, 0, 600, NULL, 0, NULL, 600, 0, 0),
(111, 21, '2019-03-17', 79, 'HAPPY HOMES STATIONERY', 'NO:40, KAMARAJAPURAM MAIN ROAD,', 'KAMARAJAPURAM', 'CHENNAI', '6000', 'TAMIL NADU', '33', '9841872557', NULL, 2980.96, 268.28, 268.28, 0, 3518, NULL, 1, '2019-03-17', 0, 0, 0),
(112, 29, '2019-03-17', 80, 'BISMI BOOK CENTRE 1', '195, Radha nagar Main road', 'CHROMEPET', 'chennai', '600044', 'TAMIL NADU', '33', '044-22654849', NULL, 762.8, 68.66, 68.66, 0, 900, NULL, 0, NULL, 900, 0, 0),
(113, 9, '2019-03-17', 81, 'APARNAA STATIONERIES', '106,NALLATHAMBI ROAD,ANNA NAGAR,', 'PAMMAL', 'CHENNAI', '600075', 'TAMIL NADU', '33', '78871426091', NULL, 2109.3900000000003, 126.55999999999999, 126.55999999999999, 0, 2363, NULL, 0, NULL, 2363, 0, 0),
(114, 33, '2019-03-17', 82, 'INFINITE CONSULTANCIES', '1, Venugopal Street, Mahalakshmi Nagar Signal,Tambaram-', 'Velachery Main Road,', 'Chennai', '600073', 'TAMIL NADU', '33', '87545 95439', NULL, 3472.56, 251.26, 251.26, 0, 3975, NULL, 0, NULL, 3975, 0, 0),
(115, 25, '2019-03-17', 83, 'SRI GIRI SHOPPEE', 'NO:7.CLC, WORKS ROAD', 'NEW COLONY,CHROMEPET', 'CHENNAI', '600044', 'TAMIL NADU', '33', '044-22415404', NULL, 943.7399999999999, 71.88, 71.88, 0, 1088, NULL, 0, NULL, 1088, 0, 0),
(116, 19, '2019-03-17', 84, 'BISMI BOOK CENTRE', 'NO,6, 1ST PILLAIYAR KOIL STREET, LAKSHIMIPURAM', 'CHROMEPET', 'CHENNAI', '600044', 'TAMIL NADU', '33', '9789933018', NULL, 0, 0, 0, 0, 0, NULL, 0, NULL, 0, 0, 0);

-- --------------------------------------------------------

--
-- Table structure for table `invoiceamount`
--

CREATE TABLE `invoiceamount` (
  `id` int(11) NOT NULL,
  `invoice_id` int(11) DEFAULT NULL,
  `paiddate` date NOT NULL,
  `amount` double NOT NULL,
  `balance` double NOT NULL
) ENGINE=InnoDB DEFAULT CHARSET=utf8 COLLATE=utf8_unicode_ci;

--
-- Dumping data for table `invoiceamount`
--

INSERT INTO `invoiceamount` (`id`, `invoice_id`, `paiddate`, `amount`, `balance`) VALUES
(1, 29, '2018-12-12', 2869, 0),
(2, 46, '2018-12-05', 500, 1780),
(3, 45, '2018-12-05', 1625, 1000),
(4, 58, '2018-12-07', 500, 426),
(5, 35, '2018-12-11', 500, 1000),
(6, 50, '2018-12-11', 313, 400),
(7, 46, '2018-12-10', 500, 1280),
(8, 46, '2018-12-15', 500, 780),
(9, 45, '2018-12-15', 500, 500),
(10, 55, '2018-12-05', 1397, 28),
(11, 52, '2018-12-18', 1969, 0),
(12, 50, '2018-12-17', 400, 0),
(13, 35, '2018-12-24', 400, 600),
(14, 44, '2018-12-10', 1000, 1330),
(15, 44, '2018-12-23', 1300, 30),
(16, 53, '2018-12-21', 1500, 2325),
(17, 42, '2018-12-10', 1470, 0),
(18, 48, '2018-12-15', 2025, 0),
(19, 56, '2019-01-02', 1924, 0),
(20, 54, '2018-12-23', 1000, 980),
(21, 54, '2019-01-05', 980, 0),
(22, 35, '2019-01-05', 600, 0),
(23, 62, '2018-12-05', 3765, 0),
(24, 46, '2019-01-04', 300, 480),
(25, 53, '2019-01-05', 1000, 1325),
(26, 53, '2019-01-06', 1325, 0),
(27, 57, '2019-01-09', 450, 0),
(28, 51, '2019-01-11', 2396, 0),
(29, 58, '2019-01-11', 500, -74),
(30, 60, '2019-01-08', 100, 1325),
(31, 61, '2019-01-14', 2000, 3227),
(32, 46, '2019-01-11', 480, 0),
(34, 76, '2019-01-05', 200, 250),
(35, 76, '2019-01-05', -100, 350),
(36, 76, '2018-12-05', -100, 450),
(37, 71, '2019-02-14', 2419, 0),
(38, 60, '2019-02-14', 1425, -100),
(39, 78, '2019-02-14', 3400, 106),
(40, 61, '2019-02-14', 3227, 0),
(41, 67, '2019-02-14', 618, 19),
(42, 77, '2019-02-14', 1903, 0.16000000000008),
(43, 90, '2019-02-14', 5051, 0),
(44, 65, '2019-02-14', 870, 0),
(45, 64, '2019-02-20', 1988, 0),
(46, 80, '2019-02-19', 2835, 0),
(47, 69, '2019-02-19', 550, 500),
(48, 81, '2019-03-21', 500, 1788),
(49, 79, '2019-03-21', 250, 313),
(50, 88, '2019-03-23', 500, 2308),
(51, 89, '2019-03-23', 3000, 1645),
(52, 79, '2019-03-02', 313, 0),
(53, 97, '2019-03-02', 1860, 0),
(54, 95, '2019-03-02', 750, 0),
(55, 81, '2019-03-02', 500, 1288),
(56, 94, '2019-03-08', 400, 2449),
(57, 88, '2019-03-08', 500, 1808),
(58, 96, '2019-03-08', 500, 1225),
(59, 89, '2019-03-08', 1000, 645),
(60, 81, '2019-03-15', 500, 788),
(61, 94, '2019-03-15', 500, 1949),
(62, 107, '2019-03-15', 1297, 0),
(63, 111, '2019-03-17', 3518, 0),
(64, 91, '2019-03-17', 3000, 2649);

-- --------------------------------------------------------

--
-- Table structure for table `invoiceitem`
--

CREATE TABLE `invoiceitem` (
  `id` int(11) NOT NULL,
  `invoice_id` int(11) DEFAULT NULL,
  `product` varchar(50) COLLATE utf8_unicode_ci NOT NULL,
  `hssncode` varchar(255) COLLATE utf8_unicode_ci NOT NULL,
  `gst` double NOT NULL,
  `cgst` double NOT NULL,
  `sgst` double NOT NULL,
  `igst` double NOT NULL,
  `mrp` double NOT NULL,
  `quantity` varchar(255) COLLATE utf8_unicode_ci NOT NULL,
  `rate` double NOT NULL,
  `discount` double NOT NULL,
  `amount` double NOT NULL,
  `unit_id` int(11) DEFAULT NULL
) ENGINE=InnoDB DEFAULT CHARSET=utf8 COLLATE=utf8_unicode_ci;

--
-- Dumping data for table `invoiceitem`
--

INSERT INTO `invoiceitem` (`id`, `invoice_id`, `product`, `hssncode`, `gst`, `cgst`, `sgst`, `igst`, `mrp`, `quantity`, `rate`, `discount`, `amount`, `unit_id`) VALUES
(82, 26, 'FC-512 II (320)', '8470', 18, 91.53, 91.53, 0, 320, '5', 203.39, 0, 1016.95, 1),
(84, 26, 'FC-120T (400)', '84703000', 18, 45.76, 45.76, 0, 400, '2', 254.24, 0, 508.48, 1),
(86, 27, 'PENOMATIC F/P (70)', '96083019', 18, 12.01, 12.01, 0, 70, '3', 44.49, 0, 133.47, 1),
(87, 27, 'PENNOMATIC METAL F/P (100)', '96083019', 18, 17.16, 17.16, 0, 100, '3', 63.56, 0, 190.68, 1),
(88, 27, 'DUCK GOLD B/P (125)', '96081019', 12, 15.07, 15.07, 0, 125, '3', 83.71, 0, 251.13, 1),
(89, 27, 'DANCE BK/H/S/ B PEN (125)', '96081019', 12, 15.07, 15.07, 0, 125, '3', 83.71, 0, 251.13, 1),
(90, 27, 'BEAUTIFUL B.PEN (125)', '96081019', 12, 15.07, 15.07, 0, 125, '3', 83.71, 0, 251.13, 1),
(91, 27, 'BLACK BEAUTY REFIL', '96081019', 12, 3.62, 3.62, 0, 30, '3', 20.09, 0, 60.27, 1),
(92, 27, 'JUMBO METAL REFILL -BL', '96086090', 12, 3.62, 3.62, 0, 30, '3', 20.09, 0, 60.27, 1),
(93, 27, 'ROLLON R/P (60)', '96081019', 12, 7.23, 7.23, 0, 60, '3', 40.18, 0, 120.54, 1),
(97, 28, 'PENOMATIC F/P (70)', '96083019', 18, 76.09, 76.09, 0, 70, '20', 44.49, 5, 845.4, 1),
(98, 28, 'BLACK BEAUTY REFIL', '96081019', 12, 11.45, 11.45, 0, 30, '10', 20.09, 5, 190.9, 1),
(100, 28, 'PENOMATIC INK CARTAGE 3 PCS PK(15)', '32159090', 12, 17.17, 17.17, 0, 15, '30', 10.04, 5, 286.2, 1),
(101, 29, 'ROLLON R/P (60)', '96081019', 12, 24.11, 24.11, 0, 60, '10', 40.18, 0, 401.8, 1),
(102, 29, 'PENOMATIC F/P (70)', '96083019', 18, 40.04, 40.04, 0, 70, '10', 44.49, 0, 444.9, 1),
(103, 29, 'PENNOMATIC METAL F/P (100)', '96083019', 18, 28.6, 28.6, 0, 100, '5', 63.56, 0, 317.8, 1),
(104, 29, 'DUCK GOLD B/P (125)', '96081019', 12, 25.11, 25.11, 0, 125, '5', 83.71, 0, 418.55, 1),
(106, 29, 'PENOMATIC INK CARTAGE 3 PCS PK(15)', '32159090', 12, 30.12, 30.12, 0, 15, '50', 10.04, 0, 502, 1),
(107, 29, 'TRUIMPH B/P(100)', '96081019', 12, 8.04, 8.04, 0, 100, '2', 66.96, 0, 133.92, 1),
(108, 29, 'ST. LOUIS B/P(100)', '96081019', 12, 8.04, 8.04, 0, 100, '2', 66.96, 0, 133.92, 1),
(109, 29, 'BLACK BEAUTY BALL PEN (125)', '96081019', 12, 10.05, 10.05, 0, 125, '2', 83.71, 0, 167.42, 1),
(128, 35, 'ST. LOUIS B/P(100)', '96081019', 12, 8.04, 8.04, 0, 100, '2', 66.96, 0, 133.92, 1),
(129, 35, 'DANCE BK/H/S/ B PEN (125)', '96081019', 12, 10.05, 10.05, 0, 125, '2', 83.71, 0, 167.42, 1),
(130, 35, 'BEAUTIFUL B.PEN (125)', '96081019', 12, 10.05, 10.05, 0, 125, '2', 83.71, 0, 167.42, 1),
(131, 35, 'TRUIMPH B/P(100)', '96081019', 12, 8.04, 8.04, 0, 100, '2', 66.96, 0, 133.92, 1),
(132, 35, 'ESTELLA B/P (150)', '96081019', 12, 12.05, 12.05, 0, 150, '2', 100.45, 0, 200.9, 1),
(133, 35, 'PEARL S/G B/P (200)', '96081019', 12, 16.07, 16.07, 0, 200, '2', 133.93, 0, 267.86, 1),
(135, 35, 'KRISS STYLUS BRIGHT CHRME B/P(200)', '96081019', 12, 16.07, 16.07, 0, 200, '2', 133.93, 0, 267.86, 1),
(141, 41, 'ROLLON R/P (60)', '96081019', 12, 24.11, 24.11, 0, 60, '10', 40.18, 0, 401.8, 1),
(153, 45, 'ESTELLA B/P (150)', '96081019', 12, 30.14, 30.14, 0, 150, '5', 100.45, 0, 502.25, 1),
(154, 45, 'BLACK BEAUTY BALL PEN (125)', '96081019', 12, 25.11, 25.11, 0, 125, '5', 83.71, 0, 418.55, 1),
(155, 45, 'VICEROY B/P (200)', '96081019', 12, 16.07, 16.07, 0, 200, '2', 133.93, 0, 267.86, 1),
(156, 45, 'TRUIMPH B/P(100)', '96081019', 12, 8.04, 8.04, 0, 100, '2', 66.96, 0, 133.92, 1),
(157, 45, 'KRISS STYLUS BRIGHT CHRME B/P(200)', '96081019', 12, 16.07, 16.07, 0, 200, '2', 133.93, 0, 267.86, 1),
(160, 46, 'ROLLON R/P (60)', '96081019', 12, 24.11, 24.11, 0, 60, '10', 40.18, 0, 401.8, 1),
(161, 46, 'PENNOMATIC METAL F/P (100)', '96083019', 18, 28.6, 28.6, 0, 100, '5', 63.56, 0, 317.8, 1),
(162, 46, 'FC-512 II (320)', '8470', 18, 36.61, 36.61, 0, 320, '2', 203.39, 0, 406.78, 1),
(165, 48, 'PENOMATIC F/P (70)', '96083019', 18, 40.04, 40.04, 0, 70, '10', 44.49, 0, 444.9, 1),
(166, 48, 'ROLLON R/P (60)', '96081019', 12, 24.11, 24.11, 0, 60, '10', 40.18, 0, 401.8, 1),
(168, 48, 'TRUIMPH B/P(100)', '96081019', 12, 8.04, 8.04, 0, 100, '2', 66.96, 0, 133.92, 1),
(169, 48, 'ESTELLA B/P (150)', '96081019', 12, 12.05, 12.05, 0, 150, '2', 100.45, 0, 200.9, 1),
(170, 48, 'PEARL S/G B/P (200)', '96081019', 12, 16.07, 16.07, 0, 200, '2', 133.93, 0, 267.86, 1),
(171, 50, 'ROLLON R/P (60)', '96081019', 12, 24.11, 24.11, 0, 60, '10', 40.18, 0, 401.8, 1),
(172, 50, 'PENOMATIC F/P (70)', '96083019', 18, 20.02, 20.02, 0, 70, '5', 44.49, 0, 222.45, 1),
(173, 51, 'ROLLON R/P (60)', '96081019', 12, 24.11, 24.11, 0, 60, '10', 40.18, 0, 401.8, 1),
(174, 51, 'PENOMATIC F/P (70)', '96083019', 18, 40.04, 40.04, 0, 70, '10', 44.49, 0, 444.9, 1),
(175, 51, 'TRIUMPH R/P (150)', '96081019', 0, 0, 0, 0, 150, '2', 112.5, 0, 225, 1),
(176, 51, 'VIENNA R/P (300)', '96081019', 0, 0, 0, 0, 300, '2', 225, 0, 450, 1),
(177, 51, 'POEME BLACK R/P (995)', '96081019', 0, 0, 0, 0, 995, '1', 746.25, 0, 746.25, 1),
(179, 52, 'PEARL S/G B/P (200)', '96081019', 12, 8.04, 8.04, 0, 200, '1', 133.93, 0, 133.93, 1),
(180, 52, 'KRISS STYLUS BRIGHT CHRME B/P(200)', '96081019', 12, 16.07, 16.07, 0, 200, '2', 133.93, 0, 267.86, 1),
(181, 52, 'BEAUTIFUL B.PEN (125)', '96081019', 12, 15.07, 15.07, 0, 125, '3', 83.71, 0, 251.13, 1),
(182, 52, 'VICEROY B/P (200)', '96081019', 12, 16.07, 16.07, 0, 200, '2', 133.93, 0, 267.86, 1),
(184, 52, 'TRUIMPH B/P(100)', '96081019', 12, 16.07, 16.07, 0, 100, '4', 66.96, 0, 267.84, 1),
(187, 45, 'LOOK GOLD B/P(125)', '96081019', 12, 25.11, 25.11, 0, 125, '5', 83.71, 0, 418.55, 1),
(188, 45, 'MICRA F/P (100)', '9608', 12, 20.09, 20.09, 0, 100, '5', 66.96, 0, 334.8, 1),
(191, 44, 'MICRA F/P (100)', '9608', 12, 38.17, 38.17, 0, 100, '10', 66.96, 5, 636.1, 1),
(192, 44, 'ROLLON R/P (60)', '96081019', 12, 22.9, 22.9, 0, 60, '10', 40.18, 5, 381.7, 1),
(196, 44, 'PEARL S/G B/P (200)', '96081019', 12, 7.63, 7.63, 0, 200, '1', 133.93, 5, 127.23, 1),
(197, 46, 'MICRA F/P (100)', '9608', 12, 20.09, 20.09, 0, 100, '5', 66.96, 0, 334.8, 1),
(199, 46, 'FC-82MS (400)', '84703000', 18, 45.76, 45.76, 0, 400, '2', 254.24, 0, 508.48, 1),
(200, 48, 'MICRA F/P (100)', '9608', 18, 28.6, 28.6, 0, 100, '5', 63.56, 0, 317.8, 1),
(201, 52, 'TRIUMPH R/P (150)', '96081019', 12, 12.05, 12.05, 0, 150, '2', 100.45, 0, 200.9, 1),
(203, 52, 'OPEN CERAMIC ROLLER REFILL (30)', '96086090', 12, 12.05, 12.05, 0, 30, '10', 20.09, 0, 200.9, 1),
(204, 53, 'PENOMATIC F/P (70)', '96083019', 18, 40.04, 40.04, 0, 70, '10', 44.49, 0, 444.9, 1),
(205, 53, 'ROLLON R/P (60)', '96081019', 12, 24.11, 24.11, 0, 60, '10', 40.18, 0, 401.8, 1),
(206, 53, 'TRIUMPH R/P (150)', '96081019', 12, 30.14, 30.14, 0, 150, '5', 100.45, 0, 502.25, 1),
(208, 53, 'VICEROY B/P (200)', '96081019', 12, 40.18, 40.18, 0, 200, '5', 133.93, 0, 669.65, 1),
(212, 53, 'KRISS STYLUS BRIGHT CHRME B/P(200)', '96081019', 12, 32.14, 32.14, 0, 200, '4', 133.93, 0, 535.72, 1),
(213, 53, 'DUCK GOLD B/P (125)', '96081019', 12, 25.11, 25.11, 0, 125, '5', 83.71, 0, 418.55, 1),
(214, 53, 'DANCE BK/H/S/ B PEN (125)', '96081019', 12, 25.11, 25.11, 0, 125, '5', 83.71, 0, 418.55, 1),
(216, 52, 'ST.MORITZ CHROME R/P (250)', '96081019', 12, 10.04, 10.04, 0, 250, '1', 167.41, 0, 167.41, 1),
(217, 54, 'FC-120T (400)', '84703000', 18, 114.41, 114.41, 0, 400, '5', 254.24, 0, 1271.2, 1),
(218, 54, 'FC-512 II (320)', '8470', 18, 36.61, 36.61, 0, 320, '2', 203.39, 0, 406.78, 1),
(219, 55, 'PENOMATIC F/P (70)', '96083019', 18, 40.04, 40.04, 0, 70, '10', 44.49, 0, 444.9, 1),
(220, 55, 'ROLLON R/P (60)', '96081019', 12, 24.11, 24.11, 0, 60, '10', 40.18, 0, 401.8, 1),
(222, 55, 'CARISHMA  B/P (100)', '96081019', 12, 24.11, 24.11, 0, 100, '6', 66.96, 0, 401.76, 1),
(231, 57, 'CARISHMA  B/P (100)', '96081019', 12, 24.11, 24.11, 0, 100, '6', 66.96, 0, 401.76, 1),
(233, 58, 'FC101C(140)', '84703000', 18, 38.04, 38.04, 0, 140, '5', 88.98, 5, 422.65, 1),
(234, 58, 'CARISHMA  B/P (100)', '96081019', 12, 22.9, 22.9, 0, 100, '6', 66.96, 5, 381.66, 1),
(235, 60, 'PENOMATIC F/P (70)', '96083019', 18, 40.04, 40.04, 0, 70, '10', 44.49, 0, 444.9, 1),
(236, 60, 'PENNOMATIC METAL F/P (100)', '96083019', 18, 17.16, 17.16, 0, 100, '3', 63.56, 0, 190.68, 1),
(237, 60, 'BEAUTIFUL B.PEN (125)', '96081019', 12, 10.05, 10.05, 0, 125, '2', 83.71, 0, 167.42, 1),
(238, 60, 'TRUIMPH B/P(100)', '96081019', 12, 8.04, 8.04, 0, 100, '2', 66.96, 0, 133.92, 1),
(239, 60, 'ESTELLA B/P (150)', '96081019', 12, 12.05, 12.05, 0, 150, '2', 100.45, 0, 200.9, 1),
(241, 60, 'PENOMATIC INK CARTAGE 3 PCS PK(15)', '32159090', 12, 6.02, 6.02, 0, 15, '10', 10.04, 0, 100.4, 1),
(242, 61, 'FC -991 MS', '84703000', 18, 180.19, 180.19, 0, 630, '5', 400.42, 0, 2002.1, 1),
(243, 61, 'FC-82MS (400)', '84703000', 18, 114.41, 114.41, 0, 400, '5', 254.24, 0, 1271.2, 1),
(244, 61, 'FC-512 II (320)', '8470', 18, 36.61, 36.61, 0, 320, '2', 203.39, 0, 406.78, 1),
(245, 61, 'FC-1OOS (120)', '84703000', 18, 34.32, 34.32, 0, 120, '5', 76.27, 0, 381.35, 1),
(247, 61, 'FC101C(140)', '84703000', 18, 16.02, 16.02, 0, 140, '2', 88.98, 0, 177.96, 1),
(248, 61, 'OPEN CERAMIC ROLLER REFILL (30)', '96086090', 12, 12.05, 12.05, 0, 30, '10', 20.09, 0, 200.9, 1),
(251, 44, 'FC-82MS (400)', '84703000', 18, 44.39, 44.39, 0, 400, '2', 254.24, 3, 493.22, 1),
(252, 44, 'FC-512 II (320)', '8470', 18, 35.51, 35.51, 0, 320, '2', 203.39, 3, 394.58, 1),
(253, 42, 'ROLLON R/P (60)', '96081019', 12, 23.63, 23.63, 0, 60, '10', 40.18, 2, 393.8, 1),
(254, 42, 'MICRA F/P (100)', '9608', 18, 28.03, 28.03, 0, 100, '5', 63.56, 2, 311.45, 1),
(255, 42, 'JUMBO METAL REFILL -BL', '96086090', 12, 11.81, 11.81, 0, 30, '10', 20.09, 2, 196.9, 1),
(256, 42, 'OPEN CERAMIC ROLLER REFILL (30)', '96086090', 12, 11.81, 11.81, 0, 30, '10', 20.09, 2, 196.9, 1),
(257, 42, 'BLACK BEAUTY REFIL', '96081019', 12, 11.81, 11.81, 0, 30, '10', 20.09, 2, 196.9, 1),
(258, 62, 'FC-82MS (400)', '84703000', 18, 45.76, 45.76, 0, 400, '2', 254.24, 0, 508.48, 1),
(259, 62, 'FC -991 MS', '84703000', 18, 72.08, 72.08, 0, 630, '2', 400.42, 0, 800.84, 1),
(260, 62, 'FC-1OOS (120)', '84703000', 18, 13.73, 13.73, 0, 120, '2', 76.27, 0, 152.54, 1),
(261, 62, 'FC-512 II (320)', '8470', 18, 86.95, 86.95, 0, 320, '5', 203.39, 5, 966.1, 1),
(262, 62, 'ROLLON R/P (60)', '96081019', 12, 12.05, 12.05, 0, 60, '5', 40.18, 0, 200.9, 1),
(263, 62, 'PENOMATIC F/P (70)', '96083019', 18, 20.02, 20.02, 0, 70, '5', 44.49, 0, 222.45, 1),
(264, 62, 'CARISHMA  B/P (100)', '96081019', 12, 8.04, 8.04, 0, 100, '2', 66.96, 0, 133.92, 1),
(265, 62, 'PEARL S/G B/P (200)', '96081019', 12, 8.04, 8.04, 0, 200, '1', 133.93, 0, 133.93, 1),
(266, 62, 'BLACK BEAUTY REFIL', '96081019', 12, 6.03, 6.03, 0, 30, '5', 20.09, 0, 100.45, 1),
(267, 56, 'CARISHMA  B/P (100)', '96081019', 12, 22.9, 22.9, 0, 100, '6', 66.96, 5, 381.66, 1),
(268, 56, 'DANCE BK/H/S/ B PEN (125)', '96081019', 12, 33.4, 33.4, 0, 125, '7', 83.71, 5, 556.64, 1),
(269, 56, 'BEAUTIFUL B.PEN (125)', '96081019', 12, 23.86, 23.86, 0, 125, '5', 83.71, 5, 397.6, 1),
(271, 56, 'KRISS STYLUS BRIGHT CHRME B/P(200)', '96081019', 12, 22.9, 22.9, 0, 200, '3', 133.93, 5, 381.69, 1),
(310, 72, 'BEAUTIFUL B.PEN (125)', '96081019', 12, 5.02, 5.02, 0, 125, '1', 83.71, 0, 83.71, 1),
(311, 72, 'CARISHMA  B/P (100)', '96081019', 12, 4.02, 4.02, 0, 100, '1', 66.96, 0, 66.96, 1),
(312, 72, 'ESTELLA B/P (150)', '96081019', 12, 6.03, 6.03, 0, 150, '1', 100.45, 0, 100.45, 1),
(314, 72, 'DANCE BK/H/S/ B PEN (125)', '96081019', 12, 5.02, 5.02, 0, 125, '1', 83.71, 0, 83.71, 1),
(315, 72, 'MICRA F/P (100)', '9608', 18, 5.72, 5.72, 0, 100, '1', 63.56, 0, 63.56, 1),
(316, 72, 'PENOMATIC F/P (70)', '96083019', 18, 4, 4, 0, 70, '1', 44.49, 0, 44.49, 1),
(317, 72, 'PENOMATIC METAL F/P (100 )', '96081019', 12, 4.02, 4.02, 0, 100, '1', 66.96, 0, 66.96, 1),
(318, 72, 'ROLLON R/P (60)', '96081019', 12, 2.41, 2.41, 0, 60, '1', 40.18, 0, 40.18, 1),
(319, 72, 'TRUIMPH B/P(100)', '96081019', 12, 4.02, 4.02, 0, 100, '1', 66.96, 0, 66.96, 1),
(320, 72, 'KRISS B/P SATIN NICKLE ( 150)', '96081019', 12, 6.03, 6.03, 0, 150, '1', 100.45, 0, 100.45, 1),
(321, 72, 'CENTURY BALL PEN ( 125 )', '96081019', 12, 5.02, 5.02, 0, 125, '1', 83.71, 0, 83.71, 1),
(322, 72, 'DUCK GOLD B/P (125)', '96081019', 12, 5.02, 5.02, 0, 125, '1', 83.71, 0, 83.71, 1),
(323, 72, 'ST. LOUIS B/P(100)', '96081019', 12, 4.02, 4.02, 0, 100, '1', 66.96, 0, 66.96, 1),
(326, 65, 'FC-1OOS (120)', '84703000', 18, 13.73, 13.73, 0, 120, '2', 76.27, 0, 152.54, 1),
(327, 65, 'FC101C(140)', '84703000', 18, 16.02, 16.02, 0, 140, '2', 88.98, 0, 177.96, 1),
(328, 65, 'FC-512 II (320)', '8470', 18, 36.61, 36.61, 0, 320, '2', 203.39, 0, 406.78, 1),
(329, 64, 'OPEN CERAMIC ROLLER REFILL (30)', '96086090', 12, 12.05, 12.05, 0, 30, '10', 20.09, 0, 200.9, 1),
(330, 64, 'GOLDEN EYE BLACK FINISH B/PEN ( 200 )', '96081019', 12, 24.11, 24.11, 0, 200, '3', 133.93, 0, 401.79, 1),
(331, 64, 'MEMENTO R/P', '96081019', 12, 10.04, 10.04, 0, 250, '1', 167.41, 0, 167.41, 1),
(332, 64, 'MICRA F/P (100)', '9608', 18, 17.16, 17.16, 0, 100, '3', 63.56, 0, 190.68, 1),
(333, 64, 'JUMBO METAL REFILL -BL', '96086090', 12, 12.05, 12.05, 0, 30, '10', 20.09, 0, 200.9, 1),
(334, 64, 'BLACK BEAUTY REFIL', '96081019', 12, 12.05, 12.05, 0, 30, '10', 20.09, 0, 200.9, 1),
(335, 64, 'ROLLON R/P (60)', '96081019', 12, 24.11, 24.11, 0, 60, '10', 40.18, 0, 401.8, 1),
(336, 67, 'PENOMATIC INK CARTAGE 3 PCS PK(15)', '32159090', 12, 6.02, 6.02, 0, 15, '10', 10.04, 0, 100.4, 1),
(338, 67, 'MICRA F/P (100)', '9608', 18, 28.6, 28.6, 0, 100, '5', 63.56, 0, 317.8, 1),
(347, 69, 'PENOMATIC F/P (70)', '96083019', 18, 40.04, 40.04, 0, 70, '10', 44.49, 0, 444.9, 1),
(349, 71, 'PEARL S/G B/P (200)', '96081019', 12, 40.18, 40.18, 0, 200, '5', 133.93, 0, 669.65, 1),
(350, 71, 'BEAUTIFUL B.PEN (125)', '96081019', 12, 25.11, 25.11, 0, 125, '5', 83.71, 0, 418.55, 1),
(352, 67, 'PENOMATIC METAL F/P (100 )', '96081019', 12, 8.04, 8.04, 0, 100, '2', 66.96, 0, 133.92, 1),
(357, 72, 'VICEROY B/P (300)', '96081019', 12, 12.05, 12.05, 0, 300, '1', 200.89, 0, 200.89, 1),
(358, 72, 'VIENNA R/P (300)', '96081019', 12, 12.05, 12.05, 0, 300, '1', 200.89, 0, 200.89, 1),
(359, 71, 'BLACK BEAUTY REFIL', '96081019', 12, 24.11, 24.11, 0, 30, '20', 20.09, 0, 401.8, 1),
(360, 71, 'PENOMATIC METAL F/P (100 )', '96081019', 12, 40.18, 40.18, 0, 100, '10', 66.96, 0, 669.6, 1),
(361, 69, 'PENOMATIC F/P (70)', '96083019', 18, 40.04, 40.04, 0, 70, '10', 44.49, 0, 444.9, 1),
(379, 76, 'GOLDEN EYE BLACK FINISH B/PEN ( 200 )', '96081019', 12, 24.11, 24.11, 0, 200, '3', 133.93, 0, 401.79, 1),
(380, 70, 'FC-512 II (320)', '8470', 18, 52.72, 52.72, 0, 320, '3', 195.25, 0, 585.75, 1),
(381, 70, 'FC - 110 ( 140 )', '84703000', 18, 23.06, 23.06, 0, 140, '3', 85.42, 0, 256.26, 1),
(383, 70, 'FC-1OOS (120)', '84703000', 18, 26.36, 26.36, 0, 120, '4', 73.22, 0, 292.88, 1),
(385, 70, 'FC-120T (400)', '84703000', 18, 65.9, 65.9, 0, 400, '3', 244.07, 0, 732.21, 1),
(387, 70, 'FC-82MS (400)', '84703000', 18, 21.97, 21.97, 0, 400, '1', 244.07, 0, 244.07, 1),
(388, 70, 'FC -991 MS', '84703000', 18, 34.6, 34.6, 0, 630, '1', 384.41, 0, 384.41, 1),
(389, 70, 'FC - 130 ( 180 )', '84703000', 18, 29.65, 29.65, 0, 180, '3', 109.83, 0, 329.49, 1),
(391, 77, 'FC -991 MS', '84703000', 18, 108.11, 108.11, 0, 630, '3', 400.42, 0, 1201.26, 1),
(392, 77, 'PENOMATIC F/P (70)', '96083019', 18, 40.04, 40.04, 0, 70, '10', 44.49, 0, 444.9, 1),
(393, 78, 'TRUIMPH B/P(100)', '96081019', 12, 20.09, 20.09, 0, 100, '5', 66.96, 0, 334.8, 1),
(394, 78, 'MICRA F/P (100)', '9608', 18, 57.2, 57.2, 0, 100, '10', 63.56, 0, 635.6, 1),
(395, 78, 'ESTELLA B/P (150)', '96081019', 12, 18.08, 18.08, 0, 150, '3', 100.45, 0, 301.35, 1),
(396, 78, 'DANCE BK/H/S/ B PEN (125)', '96081019', 12, 25.11, 25.11, 0, 125, '5', 83.71, 0, 418.55, 1),
(397, 78, 'OPEN CERAMIC ROLLER REFILL (30)', '96086090', 12, 12.05, 12.05, 0, 30, '10', 20.09, 0, 200.9, 1),
(398, 78, 'PEARL S/G B/P (200)', '96081019', 12, 24.11, 24.11, 0, 200, '3', 133.93, 0, 401.79, 1),
(400, 78, 'KRISS STYLUS BRIGHT CHRME B/P(200)', '96081019', 12, 32.14, 32.14, 0, 200, '3', 178.57, 0, 535.71, 1),
(401, 79, 'DUCK GOLD B/P (125)', '96081019', 12, 30.14, 30.14, 0, 125, '6', 83.71, 0, 502.26, 1),
(405, 80, 'MICRA F/P (100)', '9608', 18, 53.39, 53.39, 0, 100, '10', 59.32, 0, 593.2, 1),
(406, 80, 'CARISHMA  B/P (100)', '96081019', 12, 22.5, 22.5, 0, 100, '6', 62.5, 0, 375, 1),
(407, 80, 'DUCK GOLD B/P (125)', '96081019', 12, 18.75, 18.75, 0, 125, '4', 78.13, 0, 312.52, 1),
(408, 81, 'ROLLON R/P (60)', '96081019', 12, 24.11, 24.11, 0, 60, '10', 40.18, 0, 401.8, 1),
(409, 81, 'PENOMATIC F/P (70)', '96083019', 18, 40.04, 40.04, 0, 70, '10', 44.49, 0, 444.9, 1),
(410, 81, 'JUMBO METAL REFILL -BL', '96086090', 12, 12.05, 12.05, 0, 30, '10', 20.09, 0, 200.9, 1),
(413, 81, 'BEAUTIFUL B.PEN (125)', '96081019', 12, 10.05, 10.05, 0, 125, '2', 83.71, 0, 167.42, 1),
(414, 81, 'ESTELLA B/P (150)', '96081019', 12, 12.05, 12.05, 0, 150, '2', 100.45, 0, 200.9, 1),
(415, 81, 'TRUIMPH B/P(100)', '96081019', 12, 8.04, 8.04, 0, 100, '2', 66.96, 0, 133.92, 1),
(416, 82, 'GOLDEN EYE BLACK FINISH B/PEN ( 200 )', '96081019', 12, 80.36, 80.36, 0, 200, '10', 133.93, 0, 1339.3, 1),
(417, 82, 'MICRA F/P (100)', '9608', 18, 57.2, 57.2, 0, 100, '10', 63.56, 0, 635.6, 1),
(419, 81, 'PEARL S/G B/P (200)', '96081019', 12, 8.04, 8.04, 0, 200, '1', 133.93, 0, 133.93, 1),
(420, 81, 'PENOMATIC METAL F/P (100 )', '96081019', 12, 20.09, 20.09, 0, 100, '5', 66.96, 0, 334.8, 1),
(421, 78, 'ST. LOUIS B/P(100)', '96081019', 12, 16.07, 16.07, 0, 100, '4', 66.96, 0, 267.84, 1),
(423, 84, 'GOLDEN EYE BLACK FINISH B/PEN ( 200 )', '96081019', 12, 7.5, 7.5, 0, 200, '1', 125, 0, 125, 1),
(424, 84, 'ROLLON R/P (60)', '96081019', 12, 2.25, 2.25, 0, 60, '1', 37.5, 0, 37.5, 1),
(425, 84, 'LOOK GOLD B/P(125)', '96081019', 12, 4.69, 4.69, 0, 125, '1', 78.13, 0, 78.13, 1),
(426, 84, 'VIENNA R/P (300)', '96081019', 12, 12.05, 12.05, 0, 300, '1', 200.89, 0, 200.89, 1),
(427, 84, 'PENOMATIC METAL F/P (100 )', '96081019', 12, 4.02, 4.02, 0, 100, '1', 66.96, 0, 66.96, 1),
(428, 84, 'TRIUMPH R/P (150)', '96081019', 12, 6.03, 6.03, 0, 150, '1', 100.45, 0, 100.45, 1),
(429, 84, 'VICEROY B/P (200)', '96081019', 12, 7.5, 7.5, 0, 200, '1', 125, 0, 125, 1),
(430, 84, 'DANCE BK/H/S/ B PEN (125)', '96081019', 12, 5.02, 5.02, 0, 125, '1', 83.71, 0, 83.71, 1),
(431, 84, 'PEARL KONARK B/P (200 )', '96081019', 12, 7.5, 7.5, 0, 200, '1', 125, 0, 125, 1),
(432, 84, 'MICRA F/P (100)', '9608', 18, 5.34, 5.34, 0, 100, '1', 59.32, 0, 59.32, 1),
(433, 84, 'BEAUTIFUL B.PEN (125)', '96081019', 12, 4.69, 4.69, 0, 125, '1', 78.13, 0, 78.13, 1),
(434, 84, 'ESTELLA B/P (150)', '96081019', 12, 5.63, 5.63, 0, 150, '1', 93.75, 0, 93.75, 1),
(436, 84, 'CENTURY BALL PEN ( 125 )', '96081019', 12, 4.69, 4.69, 0, 125, '1', 78.13, 0, 78.13, 1),
(437, 84, 'BEAUTIFUL B.PEN (125)', '96081019', 12, 6.7, 6.7, 0, 125, '1', 111.61, 0, 111.61, 1),
(438, 84, 'ST.MORITZ CHROME R/P (250)', '96081019', 12, 9.38, 9.38, 0, 250, '1', 156.25, 0, 156.25, 1),
(439, 85, 'HEIGHT CHART - JOKER', '9905', 0, 0, 0, 0, 100, '1', 75, 0, 75, 1),
(443, 86, 'FC-1OOS (120)', '84703000', 18, 68.64, 68.64, 0, 120, '10', 76.27, 0, 762.7, 1),
(444, 87, 'GOLDEN EYE BLACK FINISH B/PEN ( 200 )', '96081019', 12, 7.5, 7.5, 0, 200, '1', 125, 0, 125, 1),
(445, 87, 'MOMENTO HALF GOLD F/P ( 125 )', '96083019', 18, 6.67, 6.67, 0, 125, '1', 74.15, 0, 74.15, 1),
(446, 87, 'TRUIMPH B/P(100)', '96081019', 12, 3.75, 3.75, 0, 100, '1', 62.5, 0, 62.5, 1),
(447, 87, 'MOMENTO R/P (250 )', '96081019', 12, 9.38, 9.38, 0, 250, '1', 156.25, 0, 156.25, 1),
(448, 87, 'ESTELLA B/P (150)', '96081019', 12, 6.03, 6.03, 0, 150, '1', 100.45, 0, 100.45, 1),
(449, 87, 'DUCK GOLD B/P (125)', '96081019', 12, 5.02, 5.02, 0, 125, '1', 83.71, 0, 83.71, 1),
(450, 87, 'VIENNA R/P (300)', '96081019', 12, 12.05, 12.05, 0, 300, '1', 200.89, 0, 200.89, 1),
(451, 87, 'KRISS STYLUS BRIGHT CHRME B/P(200)', '96081019', 12, 8.04, 8.04, 0, 200, '1', 133.93, 0, 133.93, 1),
(452, 87, 'PEARL B/G B/P (200)', '96081019', 12, 7.5, 7.5, 0, 200, '1', 125, 0, 125, 1),
(453, 87, 'PENOMATIC F/P (70)', '96083019', 18, 4.58, 4.58, 0, 80, '1', 50.85, 0, 50.85, 1),
(454, 87, 'PENOMATIC METAL F/P (100 )', '96081019', 12, 8.04, 8.04, 0, 100, '2', 66.96, 0, 133.92, 1),
(455, 88, 'ROLLON R/P (60)', '96081019', 12, 25.07, 25.07, 0, 60, '10', 41.79, 0, 417.9, 1),
(456, 88, 'TRUIMPH B/P(100)', '96081019', 12, 12.54, 12.54, 0, 100, '3', 69.64, 0, 208.92, 1),
(457, 88, 'BEAUTIFUL B.PEN (125)', '96081019', 12, 15.67, 15.67, 0, 125, '3', 87.05, 0, 261.15, 1),
(458, 88, 'ESTELLA B/P (150)', '96081019', 12, 18.8, 18.8, 0, 150, '3', 104.46, 0, 313.38, 1),
(460, 88, 'PENOMATIC INK CARTAGE 3 PCS PK(15)', '32159090', 12, 12.54, 12.54, 0, 15, '20', 10.45, 0, 209, 1),
(461, 88, 'DUCK GOLD B/P (125)', '96081019', 12, 15.67, 15.67, 0, 125, '3', 87.05, 0, 261.15, 1),
(462, 88, 'CARISHMA  B/P (100)', '96081019', 12, 12.54, 12.54, 0, 100, '3', 69.64, 0, 208.92, 1),
(463, 89, 'MICRA F/P (100)', '9608', 18, 28.6, 28.6, 0, 100, '5', 63.56, 0, 317.8, 1),
(464, 89, 'FC -991 MS', '84703000', 18, 168.18, 168.18, 0, 630, '5', 373.73, 0, 1868.65, 1),
(465, 89, 'FC-82MS (400)', '84703000', 18, 64.07, 64.07, 0, 400, '3', 237.29, 0, 711.87, 1),
(467, 90, 'TINY BOARD BOOK- FRUITS', '4903', 0, 0, 0, 0, 45, '10', 29.25, 0, 292.5, 1),
(468, 90, 'TINY BOARD BOOK- VEGETABLES', 'F0276 / 4903', 0, 0, 0, 0, 45, '10', 29.25, 0, 292.5, 1),
(469, 90, 'TINY BOARD BOOK- NUMBERS', 'F0273 / 4903', 0, 0, 0, 0, 45, '10', 29.25, 0, 292.5, 1),
(470, 90, 'TINY BOARD BOOK-  OPPOSITES', 'F0292 / 4903', 0, 0, 0, 0, 40, '6', 26, 0, 156, 1),
(471, 90, 'FOUR IN ONE BOARD BOOK', '4903', 0, 0, 0, 0, 160, '3', 104, 0, 312, 1),
(473, 90, 'VIKAS ALL IN ONE BOARD  (ENG)', 'F0254 / 4903', 0, 0, 0, 0, 300, '3', 195, 0, 585, 1),
(474, 90, 'NAVNEET ALL IN  ONE (ENG-HIND)', '4903', 0, 0, 0, 0, 120, '5', 78, 0, 390, 1),
(475, 90, 'MORAL STORIES BOOK - 1 ( ENG )', 'F4561/ 4901', 0, 0, 0, 0, 70, '3', 45.5, 0, 136.5, 1),
(476, 90, 'MORAL STORIES BOOK - 2 ( ENG )', 'F4562 / 4901', 0, 0, 0, 0, 70, '3', 45.5, 0, 136.5, 1),
(477, 90, 'MORAL STORIES BOOK - 4 ( ENG )', 'F4564 / 4901', 0, 0, 0, 0, 60, '3', 39, 0, 117, 1),
(478, 90, 'PANCHATANTRA BOOK -1 ( ENG )', 'F4576 / 4901', 0, 0, 0, 0, 70, '3', 45.5, 0, 136.5, 1),
(479, 90, 'PANCHATANTRA BOOK -2 ( ENG )', 'F4577/ 4901', 0, 0, 0, 0, 70, '3', 45.5, 0, 136.5, 1),
(480, 90, 'PANCHATANTRA BOOK -3 ( ENG )', 'F4578 / 4901', 0, 0, 0, 0, 70, '3', 45.5, 0, 136.5, 1),
(481, 90, 'PANCHATANTRA BOOK -4 ( ENG )', 'F4579/ 4901', 0, 0, 0, 0, 70, '3', 45.5, 0, 136.5, 1),
(482, 90, 'FUN WITH PUZZLES BOOK -I', 'F3601 / 4901', 0, 0, 0, 0, 60, '3', 39, 0, 117, 1),
(483, 90, 'FUN WITH PUZZLES BOOK -II', 'F3602 /4901', 0, 0, 0, 0, 50, '3', 32.5, 0, 97.5, 1),
(484, 90, 'FUN WITH PUZZLES BOOK -III', 'F3603 / 4901', 0, 0, 0, 0, 50, '3', 32.5, 0, 97.5, 1),
(485, 90, 'FUN WITH CRAFT BOOK -IV', 'F0644 / 4901', 0, 0, 0, 0, 60, '3', 39, 0, 117, 1),
(486, 90, 'FUN WITH PUZZLES BOOK - V', 'F3605 / 4901', 0, 0, 0, 0, 50, '3', 32.5, 0, 97.5, 1),
(487, 90, 'NAVNEET SUDOKU BOOK -I', 'F3611 / 4901', 0, 0, 0, 0, 80, '5', 52, 0, 260, 1),
(488, 90, 'NAVNEET SUDOKU BOOK -II', 'F3612 /4901', 0, 0, 0, 0, 85, '5', 55.25, 0, 276.25, 1),
(489, 90, 'VIKAS WORD-SEARCH:BOOK-I', 'F3621 / 4901', 0, 0, 0, 0, 60, '5', 39, 0, 195, 1),
(490, 90, 'VIKAS WORD-SEARCH:BOOK-II', 'F3622 / 4901', 0, 0, 0, 0, 60, '5', 39, 0, 195, 1),
(491, 90, 'BRAIN TEASER ACTIVITY SAFARI -I', 'F0668 / 4901', 0, 0, 0, 0, 100, '3', 65, 0, 195, 1),
(492, 88, 'VICEROY B/P (300)', '96081019', 12, 37.61, 37.61, 0, 300, '3', 208.93, 0, 626.79, 1),
(493, 89, 'FC-512 II (350 )', '8470', 18, 93.43, 93.43, 0, 350, '5', 207.63, 0, 1038.15, 1),
(495, 91, 'HEIGHT CHART - GIRAFFE', '4905', 0, 0, 0, 0, 100, '1', 70, 0, 70, 1),
(496, 91, 'HEIGHT CHART - JOKER', '9905', 0, 0, 0, 0, 100, '1', 70, 0, 70, 1),
(497, 91, 'FUN WITH CRAFT BOOK -I', 'F0641 / 4901', 0, 0, 0, 0, 75, '3', 52.5, 0, 157.5, 1),
(498, 91, 'FUN WITH CRAFT BOOK -II', 'F0642 / 4901', 0, 0, 0, 0, 75, '3', 52.5, 0, 157.5, 1),
(499, 91, 'FUN WITH CRAFT BOOK -III', 'F0643 / 4901', 0, 0, 0, 0, 75, '3', 52.5, 0, 157.5, 1),
(500, 91, 'FUN WITH PAPER MODELS BOOK - I', 'F0651 / 4901', 0, 0, 0, 0, 60, '3', 42, 0, 126, 1),
(501, 91, 'FUN WITH PAPER MODELS BOOK - II', 'F0652 / 4901', 0, 0, 0, 0, 75, '3', 52.5, 0, 157.5, 1),
(502, 91, 'FUN WITH PAPER MODELS BOOK - III', 'F0653 / 4901', 0, 0, 0, 0, 75, '3', 52.5, 0, 157.5, 1),
(503, 91, 'FUN WITH PAPER MODELS BOOK - IV', 'F0654 / 4901', 0, 0, 0, 0, 60, '3', 42, 0, 126, 1),
(504, 91, 'FUN WITH BOLD WAX CRAYONS-1', 'F0871 / 4903', 0, 0, 0, 0, 40, '5', 28, 0, 140, 1),
(505, 91, 'FUN WITH BOLD WAX CRAYONS -2', 'F0872 / 4903', 0, 0, 0, 0, 40, '5', 28, 0, 140, 1),
(506, 91, 'FUN WITH OIL PASTELS -1', 'F0881 / 4903', 0, 0, 0, 0, 40, '5', 28, 0, 140, 1),
(508, 91, 'FUN WITH OIL PASTELS -2', 'F0882 / 4903', 0, 0, 0, 0, 40, '5', 28, 0, 140, 1),
(509, 91, 'LEARN TO DRAW CARTOONS BOOK - 1', 'F1212 / 4903', 0, 0, 0, 0, 65, '2', 45.5, 0, 91, 1),
(510, 91, 'LEARN TO DRAW CARTOONS BOOK - 2', 'F1212 / 4903', 0, 0, 0, 0, 65, '2', 45.5, 0, 91, 1),
(511, 91, 'LEARN TO DRAW ANIMALS', 'F1214 / 4903', 0, 0, 0, 0, 65, '2', 45.5, 0, 91, 1),
(512, 91, 'LEARN TO DRAW BIRDS', 'FF1213 / 4903', 0, 0, 0, 0, 65, '2', 45.5, 0, 91, 1),
(513, 91, 'LEARN TO DRAW HUMAN FACES', 'F1215 / 9903', 0, 0, 0, 0, 55, '2', 38.5, 0, 77, 1),
(514, 91, 'LEARN TO DRAW HUMAN FIGURES -I', 'F1216 / 4903', 0, 0, 0, 0, 65, '2', 45.5, 0, 91, 1),
(515, 91, 'LEARN TO DRAW HUMAN FIGURES -II', 'F1217 / 4903', 0, 0, 0, 0, 65, '2', 45.5, 0, 91, 1),
(516, 91, 'LEARN TO DRAW DESIGN', 'F1218 / 4903', 0, 0, 0, 0, 65, '2', 45.5, 0, 91, 1),
(517, 91, 'LEARN TO DRAW PICTURE COMPO', 'F1219 / 4903', 0, 0, 0, 0, 65, '2', 45.5, 0, 91, 1),
(519, 91, 'STORIES PINK BOOK ( TAMIL )', 'F2501 / 4901', 0, 0, 0, 0, 45, '5', 31.5, 0, 157.5, 1),
(520, 91, 'STORIES GREEN BOOK ( TAMIL )', 'F2502 / 4901', 0, 0, 0, 0, 45, '5', 31.5, 0, 157.5, 1),
(521, 91, 'STORIES RED BOOK ( TAMIL )', 'F2503 / 4901', 0, 0, 0, 0, 45, '5', 31.5, 0, 157.5, 1),
(522, 91, 'STORIES BROWN BOOK ( TAMIL )', 'F2504 / 4901', 0, 0, 0, 0, 45, '5', 31.5, 0, 157.5, 1),
(523, 91, 'STORIES YELLOW  BOOK ( TAMIL )', 'F2505 / 4901', 0, 0, 0, 0, 45, '5', 31.5, 0, 157.5, 1),
(524, 91, 'STORIES VIOLET BOOK ( TAMIL )', 'F2506 / 4901', 0, 0, 0, 0, 45, '5', 31.5, 0, 157.5, 1),
(525, 91, 'STORIES BLUE BOOK ( TAMIL )', 'F2507 / 4901', 0, 0, 0, 0, 45, '5', 31.5, 0, 157.5, 1),
(527, 91, 'I CAN DRAW -BOOK 1(DOTS & STROKES )', 'F1231 / 4903', 0, 0, 0, 0, 50, '2', 35, 0, 70, 1),
(528, 91, 'I CAN DRAW -BOOK 2 (BASIC SHAPES - 2 )', 'F1233 / 4903', 0, 0, 0, 0, 60, '2', 42, 0, 84, 1),
(529, 91, 'I CAN DRAW -BOOK 2 (BASIC SHAPES -1 )', 'F1232 / 4903', 0, 0, 0, 0, 60, '2', 42, 0, 84, 1),
(530, 91, 'I CAN DRAW -BOOK 4 ( OBJECTS )', 'F1234 / 4903', 0, 0, 0, 0, 75, '2', 52.5, 0, 105, 1),
(531, 91, 'I CAN DRAW -BOOK 5 ( FRUIT & VEG )', 'F1235 / 4903', 0, 0, 0, 0, 60, '2', 42, 0, 84, 1),
(532, 91, 'I CAN DRAW -BOOK 6 ( VEHICLES)', 'F1236 / 4903', 0, 0, 0, 0, 50, '2', 35, 0, 70, 1),
(533, 91, 'ART OF SKETCHING- ANIMALS', 'F1186 / 4903', 0, 0, 0, 0, 70, '3', 49, 0, 147, 1),
(534, 91, 'ART OF SKETCHING- BIRDS', 'F1184 / 4903', 0, 0, 0, 0, 70, '3', 49, 0, 147, 1),
(535, 91, 'ART OF SKETCHING- FLOWERS', 'F1182 / 4903', 0, 0, 0, 0, 70, '3', 49, 0, 147, 1),
(536, 91, 'ART OF SKETCHING- LANDSCAPES', 'F1183 / 4903', 0, 0, 0, 0, 70, '3', 49, 0, 147, 1),
(537, 91, 'ART OF SKETCHING- PORTRAIT', 'F1181 / 4903', 0, 0, 0, 0, 70, '3', 49, 0, 147, 1),
(538, 91, 'CARNIVEL COPY COLOUR BOOK 1', 'F1047 / 4903', 0, 0, 0, 0, 25, '10', 17.5, 0, 175, 1),
(539, 91, 'CARNIVEL COPY COLOUR BOOK 2', 'F1048 / 4903', 0, 0, 0, 0, 25, '10', 17.5, 0, 175, 1),
(540, 91, 'CARNIVEL COPY COLOUR BOOK 3', 'F1048 / 4903', 0, 0, 0, 0, 25, '10', 17.5, 0, 175, 1),
(541, 91, 'CARNIVEL COPY COLOUR BOOK 4', 'F1049 / 4903', 0, 0, 0, 0, 25, '10', 17.5, 0, 175, 1),
(542, 90, 'ABC PICTURE DICTIONARY', '4903', 0, 0, 0, 0, 70, '3', 49, 0, 147, 1),
(543, 92, 'BEAUTIFUL B.PEN (125)', '96081019', 12, 15.07, 15.07, 0, 125, '3', 83.71, 0, 251.13, 1),
(544, 91, 'BRAIN TEASER ACTIVITY SAFARI -II', 'F0669 / 4901', 0, 0, 0, 0, 100, '1', 70, 0, 70, 1),
(545, 93, 'FC-100G', '84703000', 18, 137.29, 137.29, 0, 120, '20', 76.27, 0, 1525.4, 1),
(547, 80, 'KRISS B/P SATIN NICKLE ( 150)', '96081019', 12, 16.88, 16.88, 0, 150, '3', 93.75, 0, 281.25, 1),
(548, 80, 'KRISS STYLUS BRIGHT CHRME B/P(200)', '96081019', 12, 22.5, 22.5, 0, 200, '3', 125, 0, 375, 1),
(549, 80, 'VICEROY B/P (300)', '96081019', 12, 33.75, 33.75, 0, 300, '3', 187.5, 0, 562.5, 1),
(556, 95, 'MICRA F/P (100)', '9608', 18, 57.2, 57.2, 0, 100, '10', 63.56, 0, 635.6, 1),
(557, 96, 'ROLLON R/P (60)', '96081019', 12, 48.22, 48.22, 0, 60, '20', 40.18, 0, 803.6, 1),
(558, 96, 'PENOMATIC INK CARTAGE 3 PCS PK(15)', '32159090', 12, 12.05, 12.05, 0, 15, '20', 10.04, 0, 200.8, 1),
(559, 96, 'PENOMATIC F/P (70)', '96083019', 18, 45.77, 45.77, 0, 80, '10', 50.85, 0, 508.5, 1),
(560, 97, 'ROLLON R/P (60)', '96081019', 12, 24.11, 24.11, 0, 60, '10', 40.18, 0, 401.8, 1),
(561, 97, 'PENOMATIC F/P (70)', '96083019', 18, 45.77, 45.77, 0, 80, '10', 50.85, 0, 508.5, 1),
(562, 97, 'PENOMATIC INK CARTAGE 3 PCS PK(15)', '32159090', 12, 6.02, 6.02, 0, 15, '10', 10.04, 0, 100.4, 1),
(563, 97, 'FC-512 II (350 )', '8470', 18, 20.02, 20.02, 0, 350, '1', 222.46, 0, 222.46, 1),
(564, 97, 'FC - 130 ( 180 )', '84703000', 18, 10.3, 10.3, 0, 180, '1', 114.41, 0, 114.41, 1),
(565, 97, 'FC-120T (400)', '84703000', 18, 22.88, 22.88, 0, 400, '1', 254.24, 0, 254.24, 1),
(567, 98, 'PENOMATIC F/P (70)', '96083019', 18, 18.31, 18.31, 0, 80, '4', 50.85, 0, 203.4, 1),
(568, 98, 'PENOMATIC METAL F/P (100 )', '96081019', 12, 12.05, 12.05, 0, 100, '3', 66.96, 0, 200.88, 1),
(569, 98, 'MOMENTO HALF GOLD F/P ( 125 )', '96083019', 18, 21.45, 21.45, 0, 125, '3', 79.45, 0, 238.35, 1),
(570, 98, 'FC -991 MS', '84703000', 18, 72.08, 72.08, 0, 630, '2', 400.42, 0, 800.84, 1),
(579, 100, 'MOMENTO HALF GOLD F/P ( 125 )', '96083019', 18, 21.45, 21.45, 0, 125, '3', 79.45, 0, 238.35, 1),
(580, 100, 'ROLLON R/P (60)', '96081019', 12, 7.23, 7.23, 0, 60, '3', 40.18, 0, 120.54, 1),
(581, 100, 'DUCK GOLD B/P (125)', '96081019', 12, 15.07, 15.07, 0, 125, '3', 83.71, 0, 251.13, 1),
(582, 100, 'TRUIMPH B/P(100)', '96081019', 12, 12.05, 12.05, 0, 100, '3', 66.96, 0, 200.88, 1),
(589, 101, 'MAGIC PAINTING BOOK PART-1', 'F0901/4903', 0, 0, 0, 0, 35, '3', 24.5, 0, 73.5, 1),
(590, 101, 'MAGIC PAINTING BOOK PART-2', 'F0902/4903', 0, 0, 0, 0, 35, '3', 24.5, 0, 73.5, 1),
(591, 101, 'MAGIC PAINTING BOOK PART-3', 'F0903/4903', 0, 0, 0, 0, 35, '3', 24.5, 0, 73.5, 1),
(592, 101, 'MAGIC PAINTING BOOK PART-4', 'F0903/4903', 0, 0, 0, 0, 35, '3', 24.5, 0, 73.5, 1),
(593, 101, 'PENCIL SHADING  SKETCHING-1', 'F1225/4903', 0, 0, 0, 0, 65, '1', 45.5, 0, 45.5, 1),
(594, 101, 'PENCIL SHADING  SKETCHING-2', 'F1226/4903', 0, 0, 0, 0, 70, '1', 49, 0, 49, 1),
(595, 101, 'PENCIL SHADING -ANIMALS & BIRDS', 'F1227/4903', 0, 0, 0, 0, 70, '1', 49, 0, 49, 1),
(596, 101, 'PENCIL SHADING -ANIMALS & BIRDS-2', 'F1228/4903', 0, 0, 0, 0, 70, '1', 49, 0, 49, 1),
(597, 101, 'PENCIL SHADING LANDSC & OBJ -II', 'F1222 / 4903', 0, 0, 0, 0, 60, '1', 42, 0, 42, 1),
(598, 101, 'PENCIL SHADING LLANDSC & OBJ -I', 'F1221 / 4903', 0, 0, 0, 0, 70, '1', 49, 0, 49, 1),
(599, 101, 'PENCIL SHADING PORTRAITS-1', 'F1223/4903', 0, 0, 0, 0, 70, '1', 49, 0, 49, 1),
(600, 101, 'PENCIL SHADING PORTRAITS-2', 'F1224/4903', 0, 0, 0, 0, 60, '1', 42, 0, 42, 1),
(601, 101, 'ONCE UPON A TME ( ENG ) BOOK-1', 'F4516/4901', 0, 0, 0, 0, 60, '3', 42, 0, 126, 1),
(602, 101, 'ONCE UPON A TME ( ENG ) BOOK-2', 'F4517/4901', 0, 0, 0, 0, 60, '3', 42, 0, 126, 1),
(603, 101, 'ONCE UPON A TME ( ENG ) BOOK-3', 'F4518/4901', 0, 0, 0, 0, 60, '3', 42, 0, 126, 1),
(604, 101, 'ONCE UPON A TME ( ENG ) BOOK-4', 'F4519/4901', 0, 0, 0, 0, 60, '3', 42, 0, 126, 1),
(605, 101, 'GRANDPA TALES ( ENGLISH ) BOOK-1', 'F45214901', 0, 0, 0, 0, 60, '2', 42, 0, 84, 1),
(606, 101, 'GRANDPA TALES ( ENGLISH ) BOOK-2', 'F45224901', 0, 0, 0, 0, 60, '2', 42, 0, 84, 1),
(607, 101, 'GRANDPA TALES ( ENGLISH ) BOOK-3', 'F4523/4901', 0, 0, 0, 0, 60, '2', 42, 0, 84, 1),
(608, 101, 'GRANDPA TALES ( ENGLISH ) BOOK-4', 'F4524/4901', 0, 0, 0, 0, 60, '2', 42, 0, 84, 1),
(609, 101, 'MORAL STORIES BOOK - 3 ( ENG )', 'F4563/4901', 0, 0, 0, 0, 60, '2', 42, 0, 84, 1),
(614, 101, 'MY BIG ACTIVITY BOOK -1', 'F0676/4901', 0, 0, 0, 0, 60, '3', 42, 0, 126, 1),
(615, 101, 'MY BIG ACTIVITY BOOK -2', 'F0677/4901', 0, 0, 0, 0, 60, '3', 42, 0, 126, 1),
(616, 101, 'MY BIG ACTIVITY BOOK -3', 'F0678/4901', 0, 0, 0, 0, 60, '3', 42, 0, 126, 1),
(617, 101, 'JUMBO ACTIVITY BOOK-1', 'F0761/4901', 0, 0, 0, 0, 125, '3', 87.5, 0, 262.5, 1),
(618, 101, 'JUMBO ACTIVITY BOOK-2', 'F0762/4901', 0, 0, 0, 0, 125, '3', 87.5, 0, 262.5, 1),
(619, 101, 'JUMBO ACTIVITY BOOK-3', 'F0763/4901', 0, 0, 0, 0, 125, '3', 87.5, 0, 262.5, 1),
(620, 101, 'CONNECT N COLOR-32 ANIMAL PICTURES', 'F1024/4903', 0, 0, 0, 0, 50, '2', 35, 0, 70, 1),
(621, 101, 'CONNECT N COLOR-32 VEHICLE PICTURE', 'F1023/4903', 0, 0, 0, 0, 50, '2', 35, 0, 70, 1),
(622, 101, 'FUN WITH BOLD WAX CRAYONS -2', 'F0872 / 4903', 0, 0, 0, 0, 40, '3', 28, 0, 84, 1),
(623, 101, 'FUN WITH BOLD WAX CRAYONS-1', 'F0871 / 4903', 0, 0, 0, 0, 40, '3', 28, 0, 84, 1),
(625, 101, 'FUN WITH CRAYONS-1', 'F0981/4903', 0, 0, 0, 0, 40, '5', 28, 0, 140, 1),
(626, 101, 'FUN WITH CRAYONS-2', 'F982/4903', 0, 0, 0, 0, 40, '5', 28, 0, 140, 1),
(627, 101, 'FUN WITH CRAYONS-3', 'F0983/4903', 0, 0, 0, 0, 40, '5', 28, 0, 140, 1),
(628, 101, 'FUN WITH CRAYONS-4', 'F0984/4903', 0, 0, 0, 0, 40, '5', 28, 0, 140, 1),
(629, 101, 'FUN WITH OIL PASTELS -1', 'F0881 / 4903', 0, 0, 0, 0, 40, '5', 28, 0, 140, 1),
(630, 101, 'FUN WITH OIL PASTELS -2', 'F0882 / 4903', 0, 0, 0, 0, 40, '5', 28, 0, 140, 1),
(631, 101, 'FUN WITH PENCIL COLOURS PART-1', 'F0885/4903', 0, 0, 0, 0, 40, '5', 28, 0, 140, 1),
(632, 101, 'FUN WITH PENCIL COLOURS PART-2', 'F0885/4903', 0, 0, 0, 0, 40, '5', 28, 0, 140, 1),
(633, 101, 'FUN WITH COPY COLOR -THE VEGETABLE GARDEN', 'F1025/4903', 0, 0, 0, 0, 50, '3', 35, 0, 105, 1),
(634, 101, 'FUN WITH COPY COLOR -FRUIT ORCHARD', 'F1026/4903', 0, 0, 0, 0, 50, '3', 35, 0, 105, 1),
(635, 101, 'FUN WITH COPY COLOR -TRAVEL TALES', 'F1027/4903', 0, 0, 0, 0, 50, '3', 35, 0, 105, 1),
(636, 101, 'FUN WITH COPY COLOR -MY FEATHERY FRIENDS', 'F1028/4903', 0, 0, 0, 0, 50, '3', 35, 0, 105, 1),
(637, 101, 'FUN WITH COPY COLOR -THE ANIMAL PARTY', 'F1029/4903', 0, 0, 0, 0, 50, '3', 35, 0, 105, 1),
(638, 101, 'FUN WITH COPY COLOR -A DAY AT THE FARM', 'F1030/4903', 0, 0, 0, 0, 50, '3', 35, 0, 105, 1),
(639, 101, 'COLLECTION OF FUN WITH COPY COLOUR-1', 'F1090/4903', 0, 0, 0, 0, 100, '3', 70, 0, 210, 1),
(640, 101, 'COLLECTION OF FUN WITH COPY COLOUR-2', 'F1091/4903', 0, 0, 0, 0, 100, '3', 70, 0, 210, 1),
(641, 101, 'COLLECTION OF FUN WITH COPY COLOUR-3', 'F1092/4903', 0, 0, 0, 0, 100, '3', 70, 0, 210, 1),
(642, 101, 'MY TINY COLOURING BOOK-1', 'F1037/4903', 0, 0, 0, 0, 25, '2', 17.5, 0, 35, 1),
(643, 101, 'MY TINY COLOURING BOOK-2', 'F1038/4903', 0, 0, 0, 0, 25, '2', 17.5, 0, 35, 1),
(644, 101, 'MY TINY COLOURING BOOK-3', 'F1039/4903', 0, 0, 0, 0, 25, '2', 17.5, 0, 35, 1),
(645, 101, 'MY TINY COLOURING BOOK-4', 'F1040/4903', 0, 0, 0, 0, 25, '2', 17.5, 0, 35, 1),
(646, 101, 'MY BIG COLORING BOOK-1', 'F1006/4903', 0, 0, 0, 0, 65, '2', 45.5, 0, 91, 1),
(647, 101, 'MY BIG COLORING BOOK-2', 'F1007/4903', 0, 0, 0, 0, 60, '2', 42, 0, 84, 1),
(648, 101, 'MY BIG COLORING BOOK-3', 'F1008/4903', 0, 0, 0, 0, 60, '2', 42, 0, 84, 1),
(649, 101, 'MY BIG COLORING BOOK-4', 'F1009/4903', 0, 0, 0, 0, 65, '2', 45.5, 0, 91, 1),
(650, 101, 'MY JUMBO COLORING BOOK-1', 'F1001/4903', 0, 0, 0, 0, 125, '2', 87.5, 0, 175, 1),
(651, 101, 'MY JUMBO COLORING BOOK-2', 'F1002/4903', 0, 0, 0, 0, 125, '2', 87.5, 0, 175, 1),
(652, 101, 'MY JUMBO COLORING BOOK-3', 'F1003/4903', 0, 0, 0, 0, 110, '2', 77, 0, 154, 1),
(653, 101, 'MY JUMBO COLORING BOOK-3', 'F1003/4903', 0, 0, 0, 0, 110, '2', 77, 0, 154, 1),
(654, 101, 'MY JUMBO COLORING BOOK-4', 'F1004/4903', 0, 0, 0, 0, 110, '2', 77, 0, 154, 1),
(655, 101, 'FUN WITH CRAYONS-1', 'F0981/4903', 0, 0, 0, 0, 40, '2', 28, 0, 56, 1),
(656, 101, 'FUN WITH CRAYONS-2', 'F982/4903', 0, 0, 0, 0, 40, '3', 28, 0, 84, 1),
(657, 101, 'FUN WITH CRAYONS-3', 'F0983/4903', 0, 0, 0, 0, 40, '3', 28, 0, 84, 1),
(658, 101, 'FUN WITH CRAYONS-4', 'F0984/4903', 0, 0, 0, 0, 40, '3', 28, 0, 84, 1),
(659, 101, 'MORE FUN WITH CRAYONS -1', 'F0991/4903', 0, 0, 0, 0, 40, '3', 28, 0, 84, 1),
(660, 101, 'MORE FUN WITH CRAYONS -2', 'F0992/4903', 0, 0, 0, 0, 40, '3', 28, 0, 84, 1),
(661, 101, 'MORE FUN WITH CRAYONS -3', 'F993/4903', 0, 0, 0, 0, 40, '3', 28, 0, 84, 1),
(662, 101, 'MORE FUN WITH CRAYONS -3', 'F993/4903', 0, 0, 0, 0, 40, '3', 28, 0, 84, 1),
(663, 101, 'MORE FUN WITH CRAYONS -4', 'F994/4903', 0, 0, 0, 0, 40, '3', 28, 0, 84, 1),
(664, 101, 'FUNTIME COPY COLOUR BOOK-1 PINK', 'F6951/4903', 0, 0, 0, 0, 40, '3', 28, 0, 84, 1),
(665, 101, 'FUNTIME COPY COLOUR BOOK GREEN -2', 'F6958/4903', 0, 0, 0, 0, 40, '3', 28, 0, 84, 1),
(666, 101, 'FUNTIME COPY COLOUR BOOK VIOLET-3', 'F6959/4903', 0, 0, 0, 0, 40, '3', 28, 0, 84, 1),
(667, 101, 'FUNTIME COPY COLOUR BOOK VIOLET-3', 'F6959/4903', 0, 0, 0, 0, 40, '3', 28, 0, 84, 1),
(668, 101, 'FUNTIME COPY COLOUR BOOK YELLOW-4', 'F6960/4903', 0, 0, 0, 0, 35, '3', 24.5, 0, 73.5, 1),
(669, 101, 'FUN WITH  WAX CRAYONS PART-1', 'F0875/4903', 0, 0, 0, 0, 40, '5', 28, 0, 140, 1),
(670, 101, 'FUN WITH  WAX CRAYONS PART-2', 'F0876', 0, 0, 0, 0, 40, '5', 28, 0, 140, 1),
(671, 101, 'FUN WITH  WAX CRAYONS PART-3', 'F0877', 0, 0, 0, 0, 40, '5', 28, 0, 140, 1),
(672, 101, 'FUN WITH  WAX CRAYONS PART-4', 'F0878', 0, 0, 0, 0, 40, '5', 28, 0, 140, 1),
(673, 101, 'CARNIVEL COPY COLOUR BOOK 1', 'F1047 / 4903', 0, 0, 0, 0, 25, '20', 17.5, 0, 350, 1),
(674, 101, 'CARNIVEL COPY COLOUR BOOK 2', 'F1048 / 4903', 0, 0, 0, 0, 25, '20', 17.5, 0, 350, 1),
(675, 101, 'COLOURING BOOK- PLAY TIME', 'F0771', 0, 0, 0, 0, 45, '3', 31.5, 0, 94.5, 1),
(676, 101, 'COLOURING BOOK- -PETS', 'F0772', 0, 0, 0, 0, 45, '3', 31.5, 0, 94.5, 1),
(677, 101, 'COLOURING BOOK- A-Z', 'F0773', 0, 0, 0, 0, 45, '3', 31.5, 0, 94.5, 1),
(678, 101, 'MY LITTLE ACTIVITY BOOK -1', 'F0627/4901', 0, 0, 0, 0, 25, '20', 17.5, 0, 350, 1),
(679, 101, 'MY LITTLE ACTIVITY BOOK -2', 'F0628/4901', 0, 0, 0, 0, 25, '20', 17.5, 0, 350, 1),
(680, 102, 'ABC PICTURE DICTIONARY', '4903', 0, 0, 0, 0, 70, '1', 70, 0, 70, 1),
(681, 103, 'KRISS B/P SATIN NICKLE ( 150)', '96081019', 12, 30.14, 30.14, 0, 150, '5', 100.45, 0, 502.25, 1),
(682, 103, 'PEARL S/G B/P (200)', '96081019', 12, 40.18, 40.18, 0, 200, '5', 133.93, 0, 669.65, 1),
(683, 103, 'MOMENTO HALF GOLD F/P ( 125 )', '96083019', 18, 42.9, 42.9, 0, 125, '6', 79.45, 0, 476.7, 1),
(684, 103, 'PENOMATIC F/P (80)', '96083019', 18, 45.77, 45.77, 0, 80, '10', 50.85, 0, 508.5, 1),
(685, 103, 'GOLDEN EYE BLACK FINISH B/PEN ( 200 )', '96081019', 12, 16.07, 16.07, 0, 200, '2', 133.93, 0, 267.86, 1),
(686, 103, 'FC-1OOS (120)', '84703000', 18, 64.07, 64.07, 0, 120, '10', 71.19, 0, 711.9, 1),
(687, 103, 'FC - 110 ( 140 )', '84703000', 18, 37.37, 37.37, 0, 140, '5', 83.05, 0, 415.25, 1),
(688, 103, 'FC - 130 ( 180 )', '84703000', 18, 28.83, 28.83, 0, 180, '3', 106.78, 0, 320.34, 1),
(690, 104, 'MY TINY COLOURING BOOK-1', 'F1037/4903', 0, 0, 0, 0, 25, '40', 17.5, 0, 700, 1),
(691, 104, 'FC-82MS (400)', '84703000', 18, 45.76, 45.76, 0, 400, '2', 254.24, 0, 508.48, 1),
(692, 103, 'FC-120T (400)', '84703000', 18, 64.07, 64.07, 0, 400, '3', 237.29, 0, 711.87, 1),
(702, 105, 'PENOMATIC INK CARTAGE 3 PCS PK(15)', '32159090', 12, 12.05, 12.05, 0, 15, '20', 10.04, 0, 200.8, 1),
(703, 106, 'UNO ISTYLE F/P ( 60 )', '9608', 18, 32.03, 32.03, 0, 60, '10', 35.59, 0, 355.9, 1),
(704, 106, 'UNO  SAKYO  F/P ( 60 )', '9608', 18, 32.03, 32.03, 0, 60, '10', 35.59, 0, 355.9, 1),
(712, 107, 'PENOMATIC F/P (80)', '96083019', 18, 45.77, 45.77, 0, 80, '10', 50.85, 0, 508.5, 1),
(713, 107, 'FC -991 MS', '84703000', 18, 36.04, 36.04, 0, 630, '1', 400.42, 0, 400.42, 1),
(714, 107, 'PENOMATIC INK CARTAGE 3 PCS PK(15)', '32159090', 12, 12.05, 12.05, 0, 15, '20', 10.04, 0, 200.8, 1),
(715, 94, 'FC-1OOS (120)', '84703000', 18, 25.63, 25.63, 0, 120, '4', 71.19, 0, 284.76, 1),
(716, 94, 'FC -991 MS', '84703000', 18, 100.91, 100.91, 0, 630, '3', 373.73, 0, 1121.19, 1),
(717, 94, 'FC-512 II (350 )', '8470', 18, 37.37, 37.37, 0, 350, '2', 207.63, 0, 415.26, 1),
(718, 94, 'PEARL B/G B/P (200)', '96081019', 12, 15, 15, 0, 200, '2', 125, 0, 250, 1),
(719, 94, 'PEARL KONARK B/P (200 )', '96081019', 12, 15, 15, 0, 200, '2', 125, 0, 250, 1),
(720, 94, 'KRISS STYLUS BRIGHT CHRME B/P(200)', '96081019', 12, 7.5, 7.5, 0, 200, '1', 125, 0, 125, 1),
(721, 108, 'UNO ISTYLE F/P ( 60 )', '9608', 18, 34.33, 34.33, 0, 60, '10', 38.14, 0, 381.4, 1),
(722, 108, 'UNO ISTYLE F/P ( 60 )', '9608', 18, 34.33, 34.33, 0, 60, '10', 38.14, 0, 381.4, 1),
(723, 109, 'UNO ISTYLE F/P ( 60 )', '9608', 18, 34.33, 34.33, 0, 60, '10', 38.14, 0, 381.4, 1),
(725, 109, 'FC - 110 ( 140 )', '84703000', 18, 24.02, 24.02, 0, 140, '3', 88.98, 0, 266.94, 1),
(726, 109, 'FC -991 MS', '84703000', 18, 108.11, 108.11, 0, 630, '3', 400.42, 0, 1201.26, 1),
(727, 109, 'BLACK BEAUTY REYFIL', '96081019', 12, 6.03, 6.03, 0, 30, '5', 20.09, 0, 100.45, 1),
(728, 109, 'OPEN CERAMIC ROLLER REFILL (30)', '96086090', 12, 6.03, 6.03, 0, 30, '5', 20.09, 0, 100.45, 1),
(729, 110, 'PENOMATIC F/P (80)', '96083019', 18, 45.77, 45.77, 0, 80, '10', 50.85, 0, 508.5, 1),
(730, 111, 'FC -991 MS', '84703000', 18, 108.11, 108.11, 0, 630, '3', 400.42, 0, 1201.26, 1),
(731, 111, 'FC-1OOS (120)', '84703000', 18, 68.64, 68.64, 0, 120, '10', 76.27, 0, 762.7, 1),
(732, 111, 'PENOMATIC F/P (80)', '96083019', 18, 91.53, 91.53, 0, 80, '20', 50.85, 0, 1017, 1),
(733, 112, 'UNO  SAKYO  F/P ( 60 )', '9608', 18, 34.33, 34.33, 0, 60, '10', 38.14, 0, 381.4, 1),
(734, 112, 'UNO ISTYLE F/P ( 60 )', '9608', 18, 34.33, 34.33, 0, 60, '10', 38.14, 0, 381.4, 1),
(735, 113, 'TRUIMPH B/P(100)', '96081019', 12, 12.05, 12.05, 0, 100, '3', 66.96, 0, 200.88, 1),
(737, 113, 'PEARL KONARK B/P (200 )', '96081019', 12, 16.07, 16.07, 0, 200, '2', 133.93, 0, 267.86, 1),
(738, 113, 'PEARL S/G B/P (200)', '96081019', 12, 16.07, 16.07, 0, 200, '2', 133.93, 0, 267.86, 1),
(739, 113, 'VICEROY B/P (200)', '96081019', 12, 16.07, 16.07, 0, 200, '2', 133.93, 0, 267.86, 1),
(740, 113, 'GOLDEN EYE BLACK FINISH B/PEN ( 200 )', '96081019', 12, 16.07, 16.07, 0, 200, '2', 133.93, 0, 267.86, 1),
(741, 113, 'DANCE BK/H/S/ B PEN (125)', '96081019', 12, 10.05, 10.05, 0, 125, '2', 83.71, 0, 167.42, 1),
(742, 113, 'ST.MORITZ CHROME R/P (250)', '96081019', 12, 30.13, 30.13, 0, 250, '3', 167.41, 0, 502.23, 1),
(743, 113, 'CENTURY BALL PEN ( 125 )', '96081019', 12, 10.05, 10.05, 0, 125, '2', 83.71, 0, 167.42, 1),
(744, 114, 'MICRA F/P (100)', '9608', 18, 57.2, 57.2, 0, 100, '10', 63.56, 0, 635.6, 1),
(745, 114, 'MOMENTO HALF GOLD F/P ( 125 )', '96083019', 18, 71.51, 71.51, 0, 125, '10', 79.45, 0, 794.5, 1),
(746, 114, 'PENOMATIC INK CARTAGE 3 PCS PK(15)', '32159090', 12, 6.02, 6.02, 0, 15, '10', 10.04, 0, 100.4, 1),
(747, 114, 'DANCE BK/H/S/ B PEN (125)', '96081019', 12, 50.23, 50.23, 0, 125, '10', 83.71, 0, 837.1, 1),
(748, 114, 'BEAUTIFUL B.PEN (125)', '96081019', 12, 50.23, 50.23, 0, 125, '10', 83.71, 0, 837.1, 1),
(749, 114, 'GOLDEN EYE BLACK FINISH B/PEN ( 200 )', '96081019', 12, 16.07, 16.07, 0, 200, '2', 133.93, 0, 267.86, 1),
(750, 115, 'PENOMATIC F/P (80)', '96083019', 18, 45.77, 45.77, 0, 80, '10', 50.85, 0, 508.5, 1),
(751, 115, 'DUCK GOLD B/P (125)', '96081019', 12, 20.09, 20.09, 0, 125, '4', 83.71, 0, 334.84, 1),
(753, 115, 'PENOMATIC INK CARTAGE 3 PCS PK(15)', '32159090', 12, 6.02, 6.02, 0, 15, '10', 10.04, 0, 100.4, 1),
(754, 109, 'PENOMATIC F/P (80)', '96083019', 18, 45.77, 45.77, 0, 80, '10', 50.85, 0, 508.5, 1);

-- --------------------------------------------------------

--
-- Table structure for table `pinvoice`
--

CREATE TABLE `pinvoice` (
  `id` int(11) NOT NULL,
  `supplier_id` int(11) DEFAULT NULL,
  `invoicenumber` varchar(255) COLLATE utf8_unicode_ci NOT NULL,
  `invoicedate` date NOT NULL,
  `subtotal` double NOT NULL,
  `cgst` double NOT NULL,
  `sgst` double NOT NULL,
  `igst` double NOT NULL,
  `grandtotal` double NOT NULL,
  `status` tinyint(1) NOT NULL,
  `paiddate` date DEFAULT NULL,
  `balance` double NOT NULL
) ENGINE=InnoDB DEFAULT CHARSET=utf8 COLLATE=utf8_unicode_ci;

--
-- Dumping data for table `pinvoice`
--

INSERT INTO `pinvoice` (`id`, `supplier_id`, `invoicenumber`, `invoicedate`, `subtotal`, `cgst`, `sgst`, `igst`, `grandtotal`, `status`, `paiddate`, `balance`) VALUES
(15, 1, 'A3415', '2018-11-26', 22309.36, 1536.37, 1536.37, 0, 25382, 0, NULL, 25382),
(16, 1, 'A3416', '2018-11-26', 8104.52, 729.42, 729.42, 0, 9563, 0, NULL, 9563),
(17, 1, 'A3804', '2018-11-19', 22465.7, 1570.48, 1570.48, 0, 25607, 0, NULL, 25607),
(18, 1, 'A3805', '2018-11-19', 5714, 514.29, 514.29, 0, 6743, 0, NULL, 6743),
(20, 1, 'A4063', '2018-11-30', 0, 1530.67, 1530.67, 0, 20069, 0, NULL, 20069),
(21, 1, 'A4730', '2019-01-10', 22634, 1358.09, 1358.09, 0, 25351, 0, NULL, 25351),
(23, 1, 'A5380', '2019-02-06', 17732.59, 1287.69, 1287.69, 0, 20308.16, 0, NULL, 20308.16),
(24, 1, 'A5381', '2019-02-06', 13301.17, 1197.17, 1197.17, 0, 15696, 0, NULL, 15696),
(25, 1, 'A5972', '2019-03-06', 25232, 2140.43, 2140.43, 0, 29513, 0, NULL, 29513),
(26, 1, 'A5973', '2019-03-06', 1320, 118.87, 118.87, 0, 1559, 0, NULL, 1559),
(27, 3, '425626', '2019-01-28', 50067, 0, 0, 0, 0, 0, NULL, 0);

-- --------------------------------------------------------

--
-- Table structure for table `pinvoiceamount`
--

CREATE TABLE `pinvoiceamount` (
  `id` int(11) NOT NULL,
  `pinvoice_id` int(11) DEFAULT NULL,
  `paiddate` date NOT NULL,
  `amount` double NOT NULL,
  `balance` double NOT NULL
) ENGINE=InnoDB DEFAULT CHARSET=utf8 COLLATE=utf8_unicode_ci;

-- --------------------------------------------------------

--
-- Table structure for table `pinvoiceitem`
--

CREATE TABLE `pinvoiceitem` (
  `id` int(11) NOT NULL,
  `pinvoice_id` int(11) DEFAULT NULL,
  `product` varchar(50) COLLATE utf8_unicode_ci NOT NULL,
  `hssncode` varchar(255) COLLATE utf8_unicode_ci NOT NULL,
  `gst` double NOT NULL,
  `mrp` double NOT NULL,
  `quantity` varchar(255) COLLATE utf8_unicode_ci NOT NULL,
  `rate` double NOT NULL,
  `discount` double NOT NULL,
  `amount` double NOT NULL,
  `unit` varchar(255) COLLATE utf8_unicode_ci NOT NULL
) ENGINE=InnoDB DEFAULT CHARSET=utf8 COLLATE=utf8_unicode_ci;

--
-- Dumping data for table `pinvoiceitem`
--

INSERT INTO `pinvoiceitem` (`id`, `pinvoice_id`, `product`, `hssncode`, `gst`, `mrp`, `quantity`, `rate`, `discount`, `amount`, `unit`) VALUES
(1, 15, 'PENOMATIC F/P (70)', '96083019', 18, 70, '50', 70, 0, 38.46, ''),
(2, 15, 'ROLLON R/P (60)', '96081019', 12, 60, '100', 60, 0, 34.73, ''),
(3, 15, 'TRUIMPH B/P(100)', '96081019', 12, 100, '100', 100, 0, 54.95, ''),
(4, 17, 'PENOMATIC INK CARTAGE 3 PCS PK(15)', '32159090', 12, 15, '200', 15, 0, 8.68, ''),
(5, 17, 'FC-1OOS (120)', '84703000', 18, 120, '20', 120, 0, 65.94, ''),
(6, 20, 'FC -991 MS', '84703000', 18, 630, '50', 357.15, 0, 20069, ''),
(7, 21, 'BEAUTIFUL B.PEN (125)', '96081019', 12, 125, '20', 72.36, 0, 1447.2, ''),
(8, 21, 'CARISHMA  B/P (100)', '96081019', 12, 100, '36', 57.89, 0, 2084.04, ''),
(9, 21, 'DUCK GOLD B/P (125)', '96081019', 12, 125, '20', 72.36, 0, 1447.2, ''),
(10, 21, 'DANCE BK/H/S/ B PEN (125)', '96081019', 12, 125, '20', 72.36, 0, 1447.2, ''),
(11, 21, 'ESTELLA B/P (150)', '96081019', 12, 150, '20', 86.83, 0, 1736.6, ''),
(12, 21, 'KRISS STYLUS BRIGHT CHRME B/P(200)', '96081019', 12, 200, '20', 115.78, 0, 2315.6, ''),
(13, 21, 'PEARL S/G B/P (200)', '96081019', 12, 200, '10', 115.78, 0, 1157.8, ''),
(14, 21, 'PEARL S/G B/P (200)', '96081019', 12, 200, '10', 115.78, 0, 1157.8, ''),
(16, 21, 'PEARL KONARK B/P (200 )', '96081019', 12, 200, '10', 115.78, 0, 1157.8, '0'),
(17, 21, 'VICEROY B/P (200)', '96081019', 12, 200, '20', 115.78, 0, 2315.6, ''),
(18, 21, 'TRIUMPH R/P (150)', '96081019', 12, 150, '20', 86.83, 0, 1736.6, ''),
(19, 21, 'KRISS B/P SATIN NICKLE ( 150)', '96081019', 12, 150, '10', 86.83, 0, 868, '0'),
(20, 21, 'CENTURY BALL PEN ( 125 )', '96081019', 12, 125, '20', 72.36, 0, 1447.2, '0'),
(21, 21, 'GOLDEN EYE BLACK FINISH B/PEN ( 200 )', '96081019', 12, 200, '20', 115.78, 0, 2315.6, '0'),
(22, 21, 'FC-512 II (320)', '8470', 18, 320, '10', 192.31, 0, 1780, ''),
(23, 21, 'FC -450 ( 800 )', '84703000', 18, 350, '10', 439.57, 0, 4186.46, '0');

-- --------------------------------------------------------

--
-- Table structure for table `product`
--

CREATE TABLE `product` (
  `id` int(11) NOT NULL,
  `category_id` int(11) DEFAULT NULL,
  `product` varchar(50) COLLATE utf8_unicode_ci NOT NULL,
  `hssncode` varchar(255) COLLATE utf8_unicode_ci NOT NULL,
  `gst` varchar(255) COLLATE utf8_unicode_ci NOT NULL,
  `mrp` double NOT NULL,
  `rate` double NOT NULL,
  `discount` double NOT NULL,
  `stock` double DEFAULT NULL,
  `unit_id` int(11) DEFAULT NULL
) ENGINE=InnoDB DEFAULT CHARSET=utf8 COLLATE=utf8_unicode_ci;

--
-- Dumping data for table `product`
--

INSERT INTO `product` (`id`, `category_id`, `product`, `hssncode`, `gst`, `mrp`, `rate`, `discount`, `stock`, `unit_id`) VALUES
(1, 2, 'TRUIMPH B/P(100)', '96081019', '12', 100, 89.29, 0, 9, 1),
(2, 2, 'ROLLON R/P (60)', '96081019', '12', 60, 53.57, 0, 68, 1),
(3, 2, 'J', '96083019', '18', 100, 84.75, 0, -19, 1),
(4, 2, 'PENOMATIC F/P (80)', '96083019', '18', 80, 67.8, 0, 40, 1),
(5, 2, 'PEARL S/G B/P (200)', '96081019', '12', 200, 178.57, 0, 7, 1),
(6, 2, 'KRISS WHITE GOLD B/P(200)', '96081019', '12', 200, 178.57, 0, 5, 1),
(7, 2, 'KRISS STYLUS BRIGHT CHRME B/P(200)', '96081019', '12', 200, 178.57, 0, 19, 1),
(8, 2, 'VICEROY B/P (200)', '96081019', '12', 200, 178.57, 0, 21, 1),
(9, 2, 'ESTELLA B/P (150)', '96081019', '12', 150, 133.93, 0, 29, 1),
(10, 2, 'BEAUTIFUL B.PEN (125)', '96081019', '12', 125, 111.61, 0, 7, 1),
(11, 2, 'DANCE BK/H/S/ B PEN (125)', '96081019', '12', 125, 111.61, 0, 6, 1),
(12, 2, 'ST. LOUIS B/P(100)', '96081019', '12', 100, 89.29, 0, 0, 1),
(13, 2, 'PENOMATIC INK CARTAGE 3 PCS PK(15)', '32159090', '12', 15, 13.39, 0, 190, 1),
(14, 2, 'BLACK BEAUTY BALL PEN (125)', '96081019', '12', 125, 111.61, 0, 0, 1),
(15, 2, 'DUCK GOLD B/P (125)', '96081019', '12', 125, 111.61, 0, 15, 1),
(16, 2, 'CARISHMA  B/P (100)', '96081019', '12', 100, 89.29, 0, 26, 1),
(17, 3, 'FC-1OOS (120)', '84703000', '18', 120, 101.69, 0, 14, 1),
(18, 3, 'FC101C(140)', '84703000', '18', 140, 118.64, 0, 22, 1),
(19, 3, 'FC-512 II (350 )', '8470', '18', 350, 296.61, 0, 19, 1),
(20, 3, 'FC-120T (400)', '84703000', '18', 400, 338.98, 0, 13, 1),
(21, 3, 'FC -991 MS', '84703000', '18', 630, 533.9, 0, 29, 1),
(22, 2, 'BLACK BEAUTY REFIL', '96081019', '12', 30, 26.79, 0, 0, 1),
(23, 2, 'JUMBO METAL REFILL -BL', '96086090', '12', 30, 26.79, 0, 20, 1),
(24, 2, 'VIENNA R/P (300)', '96081019', '12', 300, 267.86, 0, 15, 1),
(25, 2, 'POEME BLACK R/P (995)', '96081019', '0', 995, 995, 0, 0, 1),
(26, 2, 'TRIUMPH R/P (150)', '96081019', '12', 150, 133.93, 0, 20, 1),
(27, 2, 'MICRA F/P (100)', '9608', '18', 100, 84.75, 0, 58, 1),
(28, 2, 'ST.MORITZ CHROME R/P (250)', '96081019', '12', 250, 223.21, 0, 1, 1),
(29, 2, 'LOOK GOLD B/P(125)', '96081019', '12', 125, 111.61, 0, 12, 1),
(30, 2, 'OPEN CERAMIC ROLLER REFILL (30)', '96086090', '12', 30, 26.79, 0, 5, 1),
(31, 2, 'REFIL JUMBO METAL FINE TIP(30)', '96086090', '0', 30, 30, 0, 40, 1),
(32, 2, 'REFIL B.BUAUTY (30)', '96086090', '0', 30, 30, 0, 25, 1),
(33, 3, 'FC-82MS (400)', '84703000', '18', 400, 338.98, 0, 3, 1),
(34, 2, 'PEARL B/G B/P (200)', '96081019', '12', 200, 178.57, 0, 17, 1),
(35, 2, 'PEARL KONARK B/P (200 )', '96081019', '12', 200, 178.57, 0, 15, 1),
(36, 2, 'KRISS B/P SATIN NICKLE ( 150)', '96081019', '12', 150, 133.93, 0, 11, 1),
(37, 2, 'CENTURY BALL PEN ( 125 )', '96081019', '12', 125, 111.61, 0, 36, 1),
(38, 2, 'GOLDEN EYE BLACK FINISH B/PEN ( 200 )', '96081019', '12', 200, 178.57, 0, 26, 1),
(39, 2, 'MOMENTO R/P (250 )', '96081019', '12', 250, 223.21, 0, 59, 1),
(40, 3, 'FC -450 ( 800 )', '84703000', '18', 350, 296.61, 0, 20, 1),
(41, 3, 'FC - 110 ( 140 )', '84703000', '18', 140, 118.64, 0, 19, 1),
(42, 3, 'FC - 130 ( 180 )', '84703000', '18', 180, 152.54, 0, 13, 1),
(43, 2, 'PENOMATIC METAL F/P (100 )', '96081019', '12', 100, 89.29, 0, 0, 1),
(44, 2, 'BLACK BEAUTY REYFIL', '96081019', '12', 30, 26.79, 0, 10, 1),
(45, 2, 'VICEROY B/P (300)', '96081019', '12', 300, 267.86, 0, 3, 1),
(46, 4, 'HEIGHT CHART - JOKER', '9905', '0', 100, 100, 0, 3, 1),
(47, 4, 'HEIGHT CHART - GIRAFFE', '4905', '0', 100, 100, 0, 4, 1),
(48, 4, 'NAVNEET ALPHABET GARDEN', '4901', '0', 60, 60, 0, 5, 1),
(49, 4, 'NAVNEET NUMBER SAFARI', '4901', '0', 60, 60, 0, 5, 1),
(50, 1, 'MY ALBUM OF ALPHABETS A-Z', '4903', '0', 30, 30, 0, 10, 1),
(51, 4, 'MY ALBUM OF ALPHABETS 1-10', '4903', '0', 30, 30, 0, 10, 1),
(52, 4, 'MY ALBUM OF NUMBER SALAD 1-10', '4903', '0', 30, 30, 0, 10, 1),
(53, 4, 'MY ALBUM OF FRUITS', '4903', '0', 30, 30, 0, 10, 1),
(54, 4, 'MY ALBUM OF VEGETABLES', '4903', '0', 30, 30, 0, 10, 1),
(55, 4, 'MY ALBUM OF BODY PARTS', '4903', '0', 30, 30, 0, 6, 1),
(56, 4, 'TINY BOARD BOOK-ABC', '4903', '0', 45, 45, 0, 10, 1),
(57, 4, 'TINY BOARD BOOK- WILD ANIMALS', 'F0274 / 4903', '0', 45, 45, 0, 10, 1),
(58, 4, 'TINY BOARD BOOK- FRUITS', '4903', '0', 45, 45, 0, 0, 1),
(59, 4, 'FOUR IN ONE BOARD BOOK', '4903', '0', 160, 160, 0, 0, 1),
(60, 4, 'MY ALBUM OF DOMESTIC ANIMALS', '4903', '0', 30, 30, 0, 6, 1),
(61, 4, 'ABC PICTURE DICTIONARY', '4903', '0', 70, 70, 0, 1, 1),
(62, 4, 'NAVNEET ALL IN  ONE (ENG-HIND)', '4903', '0', 120, 120, 0, 0, 1),
(63, 4, 'MY FIRT PICTURE DICTIONARY -1', '4903', '0', 9, 9, 0, 5, 1),
(64, 4, 'VIKAS ALL IN ONE BOARD  (ENG)', 'F0254 / 4903', '0', 300, 300, 0, 3, 1),
(65, 1, 'STORIES PINK BOOK ( TAMIL )', 'F2501 / 4901', '0', 45, 45, 0, 0, 1),
(66, 4, 'STORIES GREEN BOOK ( TAMIL )', 'F2502 / 4901', '0', 45, 45, 0, 0, 1),
(67, 4, 'STORIES RED BOOK ( TAMIL )', 'F2503 / 4901', '0', 45, 45, 0, 0, 1),
(68, 4, 'STORIES BROWN BOOK ( TAMIL )', 'F2504 / 4901', '0', 45, 45, 0, 0, 1),
(69, 4, 'STORIES YELLOW  BOOK ( TAMIL )', 'F2505 / 4901', '0', 45, 45, 0, 0, 1),
(70, 4, 'STORIES VIOLET BOOK ( TAMIL )', 'F2506 / 4901', '0', 45, 45, 0, 0, 1),
(71, 4, 'STORIES BLUE BOOK ( TAMIL )', 'F2507 / 4901', '0', 45, 45, 0, 0, 1),
(72, 4, 'FUN WITH CRAFT BOOK -I', 'F0641 / 4901', '0', 75, 75, 0, 0, 1),
(73, 4, 'FUN WITH CRAFT BOOK -II', 'F0642 / 4901', '0', 75, 75, 0, 0, 1),
(74, 4, 'FUN WITH CRAFT BOOK -III', 'F0643 / 4901', '0', 75, 75, 0, 0, 1),
(75, 4, 'FUN WITH CRAFT BOOK -IV', 'F0644 / 4901', '0', 60, 60, 0, 3, 1),
(76, 4, 'FUN WITH PAPER MODELS BOOK - I', 'F0651 / 4901', '0', 60, 60, 0, 0, 1),
(77, 4, 'FUN WITH PAPER MODELS BOOK - II', 'F0652 / 4901', '0', 75, 75, 0, 0, 1),
(78, 4, 'FUN WITH PAPER MODELS BOOK - III', 'F0653 / 4901', '0', 75, 75, 0, 0, 1),
(79, 4, 'FUN WITH PAPER MODELS BOOK - IV', 'F0654 / 4901', '0', 60, 60, 0, 0, 1),
(80, 4, 'FUN WITH BOLD WAX CRAYONS-1', 'F0871 / 4903', '0', 40, 40, 0, 2, 1),
(81, 4, 'FUN WITH BOLD WAX CRAYONS -2', 'F0872 / 4903', '0', 40, 40, 0, 2, 1),
(82, 4, 'FUN WITH OIL PASTELS -1', 'F0881 / 4903', '0', 40, 40, 0, 0, 1),
(83, 4, 'FUN WITH OIL PASTELS -2', 'F0882 / 4903', '0', 40, 40, 0, 0, 1),
(84, 4, 'LEARN TO DRAW CARTOONS BOOK - 1', 'F1212 / 4903', '0', 65, 65, 0, 0, 1),
(85, 1, 'LEARN TO DRAW CARTOONS BOOK - 2', 'F1212 / 4903', '0', 65, 65, 0, 0, 1),
(86, 4, 'LEARN TO DRAW BIRDS', 'FF1213 / 4903', '0', 65, 65, 0, 0, 1),
(87, 4, 'LEARN TO DRAW ANIMALS', 'F1214 / 4903', '0', 65, 65, 0, 0, 1),
(88, 4, 'LEARN TO DRAW HUMAN FACES', 'F1215 / 9903', '0', 55, 55, 0, 0, 1),
(89, 4, 'LEARN TO DRAW HUMAN FIGURES -I', 'F1216 / 4903', '0', 65, 65, 0, 0, 1),
(90, 4, 'LEARN TO DRAW HUMAN FIGURES -II', 'F1217 / 4903', '0', 65, 65, 0, 0, 1),
(91, 4, 'LEARN TO DRAW DESIGN', 'F1218 / 4903', '0', 65, 65, 0, 0, 1),
(92, 2, 'MOMENTO HALF GOLD F/P ( 125 )', '96083019', '18', 125, 105.93, 0, 27, 1),
(93, 4, 'LEARN TO DRAW PICTURE COMPO', 'F1219 / 4903', '0', 65, 65, 0, 0, 1),
(94, 4, 'PENCIL SHADING LLANDSC & OBJ -I', 'F1221 / 4903', '0', 70, 70, 0, 2, 1),
(95, 4, 'PENCIL SHADING LANDSC & OBJ -II', 'F1222 / 4903', '0', 60, 60, 0, 2, 1),
(96, 3, 'FC-837MT (370)', '84703000', '18', 370, 313.56, 0, 10, 1),
(97, 3, 'FC-100G', '84703000', '18', 120, 101.69, 0, 0, 1),
(98, 4, 'TINY BOARD BOOK- VEGETABLES', 'F0276 / 4903', '0', 45, 45, 0, 0, 1),
(99, 4, 'TINY BOARD BOOK-  OPPOSITES', 'F0292 / 4903', '0', 40, 40, 0, 0, 1),
(100, 4, 'MORAL STORIES BOOK - 1 ( ENG )', 'F4561/ 4901', '0', 70, 70, 0, 0, 1),
(101, 4, 'MORAL STORIES BOOK - 2 ( ENG )', 'F4562 / 4901', '0', 70, 70, 0, 0, 1),
(102, 4, 'MORAL STORIES BOOK - 4 ( ENG )', 'F4564 / 4901', '0', 60, 60, 0, 0, 1),
(103, 4, 'PANCHATANTRA BOOK -1 ( ENG )', 'F4576 / 4901', '0', 70, 70, 0, 0, 1),
(104, 4, 'PANCHATANTRA BOOK -2 ( ENG )', 'F4577/ 4901', '0', 70, 70, 0, 0, 1),
(105, 4, 'PANCHATANTRA BOOK -3 ( ENG )', 'F4578 / 4901', '0', 70, 70, 0, 0, 1),
(106, 4, 'PANCHATANTRA BOOK -4 ( ENG )', 'F4579/ 4901', '0', 70, 70, 0, 0, 1),
(107, 4, 'FUN WITH PUZZLES BOOK -I', 'F3601 / 4901', '0', 60, 60, 0, 0, 1),
(108, 4, 'FUN WITH PUZZLES BOOK -II', 'F3602 /4901', '0', 50, 50, 0, 0, 1),
(109, 4, 'FUN WITH PUZZLES BOOK -III', 'F3603 / 4901', '0', 50, 50, 0, 0, 1),
(110, 4, 'FUN WITH PUZZLES BOOK -IV', 'F3604 / 4901', '0', 50, 50, 0, 3, 1),
(111, 4, 'FUN WITH PUZZLES BOOK - V', 'F3605 / 4901', '0', 50, 50, 0, 0, 1),
(112, 4, 'NAVNEET SUDOKU BOOK -I', 'F3611 / 4901', '0', 80, 80, 0, 0, 1),
(113, 4, 'NAVNEET SUDOKU BOOK -II', 'F3612 /4901', '0', 85, 85, 0, 0, 1),
(114, 4, 'VIKAS WORD-SEARCH:BOOK-I', 'F3621 / 4901', '0', 60, 60, 0, 0, 1),
(115, 4, 'VIKAS WORD-SEARCH:BOOK-II', 'F3622 / 4901', '0', 60, 60, 0, 0, 1),
(116, 4, 'BRAIN TEASER ACTIVITY SAFARI -I', 'F0668 / 4901', '0', 100, 100, 0, 97, 1),
(117, 4, 'BRAIN TEASER ACTIVITY SAFARI -II', 'F0669 / 4901', '0', 100, 100, 0, 2, 1),
(118, 4, 'TINY BOARD BOOK- NUMBERS', 'F0273 / 4903', '0', 45, 45, 0, 0, 1),
(119, 4, 'FUN WITH CRAFT BOOK -V', 'F3605 / 4901', '0', 50, 50, 0, 3, 1),
(120, 4, 'I CAN DRAW -BOOK 1(DOTS & STROKES )', 'F1231 / 4903', '0', 50, 50, 0, 0, 1),
(121, 4, 'I CAN DRAW -BOOK 2 (BASIC SHAPES -1 )', 'F1232 / 4903', '0', 60, 60, 0, 0, 1),
(122, 4, 'I CAN DRAW -BOOK 2 (BASIC SHAPES - 2 )', 'F1233 / 4903', '0', 60, 60, 0, 0, 1),
(123, 1, 'I CAN DRAW -BOOK 4 ( OBJECTS )', 'F1234 / 4903', '0', 75, 75, 0, 0, 1),
(124, 4, 'I CAN DRAW -BOOK 5 ( FRUIT & VEG )', 'F1235 / 4903', '0', 60, 60, 0, 0, 1),
(125, 4, 'I CAN DRAW -BOOK 6 ( VEHICLES)', 'F1236 / 4903', '0', 50, 50, 0, 0, 1),
(126, 1, 'ART OF SKETCHING- PORTRAIT', 'F1181 / 4903', '0', 70, 70, 0, 0, 1),
(127, 4, 'ART OF SKETCHING- FLOWERS', 'F1182 / 4903', '0', 70, 70, 0, 0, 1),
(128, 1, 'ART OF SKETCHING- LANDSCAPES', 'F1183 / 4903', '0', 70, 70, 0, 0, 1),
(129, 1, 'ART OF SKETCHING- BIRDS', 'F1184 / 4903', '0', 70, 70, 0, 0, 1),
(130, 4, 'ART OF SKETCHING- ANIMALS', 'F1186 / 4903', '0', 70, 70, 0, 0, 1),
(131, 4, 'CARNIVEL COPY COLOUR BOOK 1', 'F1047 / 4903', '0', 25, 25, 0, 20, 1),
(132, 1, 'CARNIVEL COPY COLOUR BOOK 2', 'F1048 / 4903', '0', 25, 25, 0, 20, 1),
(133, 1, 'CARNIVEL COPY COLOUR BOOK 3', 'F1048 / 4903', '0', 25, 25, 0, 40, 1),
(134, 4, 'CARNIVEL COPY COLOUR BOOK 4', 'F1049 / 4903', '0', 25, 25, 0, 40, 1),
(135, 4, 'ONCE UPON A TME ( ENG ) BOOK-1', 'F4516/4901', '0', 60, 60, 0, 0, 1),
(136, 4, 'ONCE UPON A TME ( ENG ) BOOK-2', 'F4517/4901', '0', 60, 60, 0, 0, 1),
(137, 4, 'ONCE UPON A TME ( ENG ) BOOK-3', 'F4518/4901', '0', 60, 60, 0, 0, 1),
(138, 4, 'ONCE UPON A TME ( ENG ) BOOK-4', 'F4519/4901', '0', 60, 60, 0, 0, 1),
(139, 4, 'GRANDPA TALES ( ENGLISH ) BOOK-1', 'F45214901', '0', 60, 60, 0, 1, 1),
(140, 4, 'GRANDPA TALES ( ENGLISH ) BOOK-2', 'F45224901', '0', 60, 60, 0, 1, 1),
(141, 4, 'GRANDPA TALES ( ENGLISH ) BOOK-3', 'F4523/4901', '0', 60, 60, 0, 1, 1),
(142, 4, 'GRANDPA TALES ( ENGLISH ) BOOK-4', 'F4524/4901', '0', 60, 60, 0, 1, 1),
(143, 4, 'MORAL STORIES BOOK - 3 ( ENG )', 'F4563/4901', '0', 60, 60, 0, 1, 1),
(144, 4, 'MY LITTLE ACTIVITY BOOK -1', 'F0627/4901', '0', 25, 25, 0, 30, 1),
(145, 4, 'MY LITTLE ACTIVITY BOOK -2', 'F0628/4901', '0', 25, 25, 0, 30, 1),
(146, 4, 'MY LITTLE ACTIVITY BOOK -3', 'F0629/4901', '0', 25, 25, 0, 50, 1),
(147, 4, 'MY LITTLE ACTIVITY BOOK -4', 'F0630/4901', '0', 25, 25, 0, 50, 1),
(148, 4, 'MY BIG ACTIVITY BOOK -1', 'F0676/4901', '0', 60, 60, 0, 2, 1),
(149, 4, 'MY BIG ACTIVITY BOOK -2', 'F0677/4901', '0', 60, 60, 0, 2, 1),
(150, 4, 'MY BIG ACTIVITY BOOK -3', 'F0678/4901', '0', 60, 60, 0, 2, 1),
(151, 4, 'JUMBO ACTIVITY BOOK-1', 'F0761/4901', '0', 125, 125, 0, 2, 1),
(152, 4, 'JUMBO ACTIVITY BOOK-2', 'F0762/4901', '0', 125, 125, 0, 2, 1),
(153, 4, 'JUMBO ACTIVITY BOOK-3', 'F0763/4901', '0', 125, 125, 0, 2, 1),
(154, 4, 'JUMBO ACTIVITY BOOK-4', 'F0764/4901', '0', 125, 125, 0, 5, 1),
(155, 4, 'FUN WITH PENCIL COLOURS PART-1', 'F0885/4903', '0', 40, 40, 0, 5, 1),
(156, 4, 'FUN WITH PENCIL COLOURS PART-2', 'F0885/4903', '0', 40, 40, 0, 5, 1),
(157, 4, 'FUN WITH COPY COLOR -THE VEGETABLE GARDEN', 'F1025/4903', '0', 50, 50, 0, 7, 1),
(158, 4, 'FUN WITH COPY COLOR -FRUIT ORCHARD', 'F1026/4903', '0', 50, 50, 0, 7, 1),
(159, 4, 'FUN WITH COPY COLOR -TRAVEL TALES', 'F1027/4903', '0', 50, 50, 0, 7, 1),
(160, 4, 'FUN WITH COPY COLOR -MY FEATHERY FRIENDS', 'F1028/4903', '0', 50, 50, 0, 7, 1),
(161, 4, 'FUN WITH COPY COLOR -THE ANIMAL PARTY', 'F1029/4903', '0', 50, 50, 0, 7, 1),
(162, 4, 'FUN WITH COPY COLOR -A DAY AT THE FARM', 'F1030/4903', '0', 50, 50, 0, 7, 1),
(163, 4, 'COLLECTION OF FUN WITH COPY COLOUR-1', 'F1090/4903', '0', 100, 100, 0, 2, 1),
(164, 4, 'COLLECTION OF FUN WITH COPY COLOUR-2', 'F1091/4903', '0', 100, 100, 0, 2, 1),
(165, 4, 'COLLECTION OF FUN WITH COPY COLOUR-3', 'F1092/4903', '0', 100, 100, 0, 2, 1),
(166, 4, 'MY TINY COLOURING BOOK-1', 'F1037/4903', '0', 25, 25, 0, 8, 1),
(167, 4, 'MY TINY COLOURING BOOK-2', 'F1038/4903', '0', 25, 25, 0, 48, 1),
(168, 4, 'MY TINY COLOURING BOOK-3', 'F1039/4903', '0', 25, 25, 0, 48, 1),
(169, 4, 'MY TINY COLOURING BOOK-4', 'F1040/4903', '0', 25, 25, 0, 48, 1),
(170, 4, 'MY BIG COLORING BOOK-1', 'F1006/4903', '0', 65, 65, 0, 1, 1),
(171, 4, 'MY BIG COLORING BOOK-2', 'F1007/4903', '0', 60, 60, 0, 3, 1),
(172, 4, 'MY BIG COLORING BOOK-3', 'F1008/4903', '0', 60, 60, 0, 3, 1),
(173, 4, 'MY BIG COLORING BOOK-4', 'F1009/4903', '0', 65, 65, 0, 3, 1),
(174, 4, 'MY JUMBO COLORING BOOK-1', 'F1001/4903', '0', 125, 125, 0, 3, 1),
(175, 4, 'MY JUMBO COLORING BOOK-2', 'F1002/4903', '0', 125, 125, 0, 3, 1),
(176, 4, 'MY JUMBO COLORING BOOK-3', 'F1003/4903', '0', 110, 110, 0, 1, 1),
(177, 4, 'MY JUMBO COLORING BOOK-4', 'F1004/4903', '0', 110, 110, 0, 3, 1),
(178, 4, 'FUN WITH CRAYONS-1', 'F0981/4903', '0', 40, 40, 0, 3, 1),
(179, 4, 'FUN WITH CRAYONS-2', 'F982/4903', '0', 40, 40, 0, 2, 1),
(180, 4, 'FUN WITH CRAYONS-3', 'F0983/4903', '0', 40, 40, 0, 2, 1),
(181, 4, 'FUN WITH CRAYONS-4', 'F0984/4903', '0', 40, 40, 0, 2, 1),
(182, 4, 'MORE FUN WITH CRAYONS -1', 'F0991/4903', '0', 40, 40, 0, 7, 1),
(183, 4, 'MORE FUN WITH CRAYONS -2', 'F0992/4903', '0', 40, 40, 0, 7, 1),
(184, 1, 'MORE FUN WITH CRAYONS -3', 'F993/4903', '0', 40, 40, 0, 4, 1),
(185, 4, 'MORE FUN WITH CRAYONS -4', 'F994/4903', '0', 40, 40, 0, 7, 1),
(186, 4, 'FUNTIME COPY COLOUR BOOK-1 PINK', 'F6951/4903', '0', 40, 40, 0, 17, 1),
(187, 4, 'FUNTIME COPY COLOUR BOOK GREEN -2', 'F6958/4903', '0', 40, 40, 0, 17, 1),
(188, 1, 'FUNTIME COPY COLOUR BOOK VIOLET-3', 'F6959/4903', '0', 40, 40, 0, 14, 1),
(189, 4, 'FUNTIME COPY COLOUR BOOK YELLOW-4', 'F6960/4903', '0', 35, 35, 0, 17, 1),
(190, 4, 'MAGIC PAINTING BOOK PART-1', 'F0901/4903', '0', 35, 35, 0, 7, 1),
(191, 4, 'MAGIC PAINTING BOOK PART-2', 'F0902/4903', '0', 35, 35, 0, 7, 1),
(192, 4, 'MAGIC PAINTING BOOK PART-3', 'F0903/4903', '0', 35, 35, 0, 7, 1),
(193, 4, 'MAGIC PAINTING BOOK PART-4', 'F0903/4903', '0', 35, 35, 0, 7, 1),
(194, 4, 'PENCIL SHADING PORTRAITS-1', 'F1223/4903', '0', 70, 70, 0, 1, 1),
(195, 4, 'PENCIL SHADING PORTRAITS-2', 'F1224/4903', '0', 60, 60, 0, 2, 1),
(196, 4, 'PENCIL SHADING  SKETCHING-1', 'F1225/4903', '0', 65, 65, 0, 2, 1),
(197, 4, 'PENCIL SHADING  SKETCHING-2', 'F1226/4903', '0', 70, 70, 0, 2, 1),
(198, 4, 'PENCIL SHADING -ANIMALS & BIRDS', 'F1227/4903', '0', 70, 70, 0, 2, 1),
(199, 4, 'PENCIL SHADING -ANIMALS & BIRDS-2', 'F1228/4903', '0', 70, 70, 0, 2, 1),
(200, 4, 'CONNECT N COLOR-32 VEHICLE PICTURE', 'F1023/4903', '0', 50, 50, 0, 3, 1),
(201, 4, 'CONNECT N COLOR-32 ANIMAL PICTURES', 'F1024/4903', '0', 50, 50, 0, 3, 1),
(202, 4, 'FUN WITH WAX CRAYONS PART-1', 'F0875/4903', '0', 40, 40, 0, 20, 1),
(203, 4, 'FUN WITH WAX CRAYONS PART-2', 'F0872/4903', '0', 40, 40, 0, 20, 1),
(204, 4, 'FUN WITH WAX CRAYONS PART-3', 'F0877/4903', '0', 40, 40, 0, 20, 1),
(205, 4, 'FUN WITH WAX CRAYONS PART-4', 'F0878/4903', '0', 40, 40, 0, 20, 1),
(206, 4, 'FUN WITH  WAX CRAYONS PART-1', 'F0875/4903', '0', 40, 40, 0, 15, 1),
(207, 4, 'FUN WITH  WAX CRAYONS PART-2', 'F0876', '0', 40, 40, 0, 15, 1),
(208, 4, 'FUN WITH  WAX CRAYONS PART-3', 'F0877', '0', 40, 40, 0, 15, 1),
(209, 1, 'FUN WITH  WAX CRAYONS PART-4', 'F0878', '0', 40, 40, 0, 15, 1),
(210, 4, 'COLOUR CARNIVEL ( DANGLER )', 'FF1047', '0', 25, 25, 0, 50, 1),
(211, 4, 'COLOUR CARNIVEL ( DANGLER )-2', 'F1048', '0', 25, 25, 0, 50, 1),
(212, 4, 'COLOUR CARNIVEL ( DANGLER )-3', 'F1049', '0', 25, 25, 0, 50, 1),
(213, 4, 'COLOUR CARNIVEL ( DANGLER )-4', 'F1050', '0', 25, 25, 0, 50, 1),
(214, 4, 'COLOURING BOOK- PLAY TIME', 'F0771', '0', 45, 45, 0, 7, 1),
(215, 4, 'COLOURING BOOK- -PETS', 'F0772', '0', 45, 45, 0, 7, 1),
(216, 4, 'COLOURING BOOK- A-Z', 'F0773', '0', 45, 45, 0, 7, 1),
(217, 2, 'UNO ISTYLE F/P ( 60 )', '9608', '18', 60, 50.85, 0, 190, 1),
(218, 2, 'UNO  SAKYO  F/P ( 60 )', '9608', '18', 60, 50.85, 0, 220, 1);

-- --------------------------------------------------------

--
-- Table structure for table `purchaselog`
--

CREATE TABLE `purchaselog` (
  `id` int(11) NOT NULL,
  `product_id` int(11) DEFAULT NULL,
  `supplier_id` int(11) DEFAULT NULL,
  `pinvoice_id` int(11) DEFAULT NULL,
  `quantity` double NOT NULL
) ENGINE=InnoDB DEFAULT CHARSET=utf8 COLLATE=utf8_unicode_ci;

--
-- Dumping data for table `purchaselog`
--

INSERT INTO `purchaselog` (`id`, `product_id`, `supplier_id`, `pinvoice_id`, `quantity`) VALUES
(1, 4, 1, 15, 50),
(2, 2, 1, 15, 100),
(3, 1, 1, 15, 100),
(4, 13, 1, 17, 200),
(5, 17, 1, 17, 20),
(6, 21, 1, 20, 50),
(7, 10, 1, 21, 20),
(8, 16, 1, 21, 36),
(9, 15, 1, 21, 20),
(10, 11, 1, 21, 20),
(11, 9, 1, 21, 20),
(12, 7, 1, 21, 20),
(13, 5, 1, 21, 10),
(14, 5, 1, 21, 10),
(16, 35, 1, 21, 10),
(17, 8, 1, 21, 20),
(18, 26, 1, 21, 20),
(19, 36, 1, 21, 10),
(20, 37, 1, 21, 20),
(21, 38, 1, 21, 20),
(22, 19, 1, 21, 10),
(23, 40, 1, 21, 10);

-- --------------------------------------------------------

--
-- Table structure for table `state`
--

CREATE TABLE `state` (
  `id` int(11) NOT NULL,
  `state` varchar(255) COLLATE utf8_unicode_ci NOT NULL,
  `statecode` varchar(255) COLLATE utf8_unicode_ci NOT NULL
) ENGINE=InnoDB DEFAULT CHARSET=utf8 COLLATE=utf8_unicode_ci;

--
-- Dumping data for table `state`
--

INSERT INTO `state` (`id`, `state`, `statecode`) VALUES
(1, 'JAMMU AND KASHMIR', '01'),
(2, 'HIMACHAL PRADESH', '02'),
(3, 'PUNJAB', '03'),
(4, 'CHANDIGARH', '04'),
(5, 'UTTARAKHAND', '05'),
(6, 'HARYANA', '06'),
(7, 'DELHI', '07'),
(8, 'RAJASTHAN', '08'),
(9, 'UTTAR  PRADESH', '09'),
(10, 'BIHAR', '10'),
(11, 'SIKKIM', '11'),
(12, 'ARUNACHAL PRADESH', '12'),
(13, 'NAGALAND', '13'),
(14, 'MANIPUR', '14'),
(15, 'MIZORAM', '15'),
(16, 'TRIPURA', '16'),
(17, 'MEGHLAYA', '17'),
(18, 'ASSAM', '18'),
(19, 'WEST BENGAL', '19'),
(20, 'JHARKHAND', '20'),
(21, 'ODISHA', '21'),
(22, 'CHATTISGARH', '22'),
(23, 'MADHYA PRADESH', '23'),
(24, 'GUJARAT', '24'),
(25, 'DAMAN AND DIU', '25'),
(26, 'DADRA AND NAGAR HAVELI', '26'),
(27, 'MAHARASHTRA', '27'),
(28, 'ANDHRA PRADESH(BEFORE DIVISION)', '28'),
(29, 'KARNATAKA', '29'),
(30, 'GOA', '30'),
(31, 'LAKSHWADEEP', '31'),
(32, 'KERALA', '32'),
(33, 'TAMIL NADU', '33'),
(34, 'PUDUCHERRY', '34'),
(35, 'ANDAMAN AND NICOBAR ISLANDS', '35'),
(36, 'TELANGANA', '36'),
(37, 'ANDHRA PRADESH (NEW)', '37');

-- --------------------------------------------------------

--
-- Table structure for table `supplier`
--

CREATE TABLE `supplier` (
  `id` int(11) NOT NULL,
  `state_id` int(11) DEFAULT NULL,
  `supplier` varchar(50) COLLATE utf8_unicode_ci NOT NULL,
  `address1` varchar(255) COLLATE utf8_unicode_ci NOT NULL,
  `address2` varchar(255) COLLATE utf8_unicode_ci DEFAULT NULL,
  `city` varchar(50) COLLATE utf8_unicode_ci NOT NULL,
  `pincode` varchar(6) COLLATE utf8_unicode_ci NOT NULL,
  `mobile` varchar(255) COLLATE utf8_unicode_ci NOT NULL,
  `gstin` varchar(255) COLLATE utf8_unicode_ci DEFAULT NULL,
  `joineddate` date NOT NULL
) ENGINE=InnoDB DEFAULT CHARSET=utf8 COLLATE=utf8_unicode_ci;

--
-- Dumping data for table `supplier`
--

INSERT INTO `supplier` (`id`, `state_id`, `supplier`, `address1`, `address2`, `city`, `pincode`, `mobile`, `gstin`, `joineddate`) VALUES
(1, 33, 'VARDHAMAN GIFT N NOVELTY', 'NO:19, VV KOIL STREET,1ST FLOOR,', 'CHOOLAI', 'CHENNAI', '600112', '044-26690543', '33AACHB77JIZE', '2018-11-02'),
(2, 33, 'CHANDRU STATIONERY', '4 PILLAYAR KOIL STREET', 'CHROMEPET', 'CHENNAI', '600044', '9789933018', '0', '2018-11-13'),
(3, 29, 'NAVNEET EDUCATION LIMITED', '52/3 MADANAYAKANHALLI VILLAGE,', 'TUMKUR ROAD,', 'BENGALUR', '561123', '8023714606', '29AAACN1243K1ZH', '2019-01-28');

-- --------------------------------------------------------

--
-- Table structure for table `unit`
--

CREATE TABLE `unit` (
  `id` int(11) NOT NULL,
  `unit` varchar(255) COLLATE utf8_unicode_ci NOT NULL
) ENGINE=InnoDB DEFAULT CHARSET=utf8 COLLATE=utf8_unicode_ci;

--
-- Dumping data for table `unit`
--

INSERT INTO `unit` (`id`, `unit`) VALUES
(1, 'pcs'),
(2, 'BOX');

-- --------------------------------------------------------

--
-- Table structure for table `userimage`
--

CREATE TABLE `userimage` (
  `id` int(11) NOT NULL,
  `image_name` varchar(255) COLLATE utf8_unicode_ci NOT NULL
) ENGINE=InnoDB DEFAULT CHARSET=utf8 COLLATE=utf8_unicode_ci;

--
-- Indexes for dumped tables
--

--
-- Indexes for table `cashdiscount`
--
ALTER TABLE `cashdiscount`
  ADD PRIMARY KEY (`id`),
  ADD KEY `IDX_CB44472F2989F1FD` (`invoice_id`);

--
-- Indexes for table `category`
--
ALTER TABLE `category`
  ADD PRIMARY KEY (`id`);

--
-- Indexes for table `customer`
--
ALTER TABLE `customer`
  ADD PRIMARY KEY (`id`),
  ADD KEY `IDX_81398E095D83CC1` (`state_id`);

--
-- Indexes for table `expanses`
--
ALTER TABLE `expanses`
  ADD PRIMARY KEY (`id`);

--
-- Indexes for table `fos_user`
--
ALTER TABLE `fos_user`
  ADD PRIMARY KEY (`id`),
  ADD UNIQUE KEY `UNIQ_957A647992FC23A8` (`username_canonical`),
  ADD UNIQUE KEY `UNIQ_957A6479A0D96FBF` (`email_canonical`),
  ADD UNIQUE KEY `UNIQ_957A6479C05FB297` (`confirmation_token`);

--
-- Indexes for table `invoice`
--
ALTER TABLE `invoice`
  ADD PRIMARY KEY (`id`),
  ADD KEY `IDX_906517449395C3F3` (`customer_id`);

--
-- Indexes for table `invoiceamount`
--
ALTER TABLE `invoiceamount`
  ADD PRIMARY KEY (`id`),
  ADD KEY `IDX_3943CC6B2989F1FD` (`invoice_id`);

--
-- Indexes for table `invoiceitem`
--
ALTER TABLE `invoiceitem`
  ADD PRIMARY KEY (`id`),
  ADD KEY `IDX_FA8153272989F1FD` (`invoice_id`),
  ADD KEY `IDX_FA815327F8BD700D` (`unit_id`);

--
-- Indexes for table `pinvoice`
--
ALTER TABLE `pinvoice`
  ADD PRIMARY KEY (`id`),
  ADD KEY `IDX_C47B86C32ADD6D8C` (`supplier_id`);

--
-- Indexes for table `pinvoiceamount`
--
ALTER TABLE `pinvoiceamount`
  ADD PRIMARY KEY (`id`),
  ADD KEY `IDX_DE3406B5FA67A94` (`pinvoice_id`);

--
-- Indexes for table `pinvoiceitem`
--
ALTER TABLE `pinvoiceitem`
  ADD PRIMARY KEY (`id`),
  ADD KEY `IDX_CE99A5505FA67A94` (`pinvoice_id`);

--
-- Indexes for table `product`
--
ALTER TABLE `product`
  ADD PRIMARY KEY (`id`),
  ADD KEY `IDX_D34A04AD12469DE2` (`category_id`),
  ADD KEY `IDX_D34A04ADF8BD700D` (`unit_id`);

--
-- Indexes for table `purchaselog`
--
ALTER TABLE `purchaselog`
  ADD PRIMARY KEY (`id`),
  ADD KEY `IDX_BCF1134C4584665A` (`product_id`),
  ADD KEY `IDX_BCF1134C2ADD6D8C` (`supplier_id`),
  ADD KEY `IDX_BCF1134C5FA67A94` (`pinvoice_id`);

--
-- Indexes for table `state`
--
ALTER TABLE `state`
  ADD PRIMARY KEY (`id`);

--
-- Indexes for table `supplier`
--
ALTER TABLE `supplier`
  ADD PRIMARY KEY (`id`),
  ADD KEY `IDX_9B2A6C7E5D83CC1` (`state_id`);

--
-- Indexes for table `unit`
--
ALTER TABLE `unit`
  ADD PRIMARY KEY (`id`);

--
-- Indexes for table `userimage`
--
ALTER TABLE `userimage`
  ADD PRIMARY KEY (`id`);

--
-- AUTO_INCREMENT for dumped tables
--

--
-- AUTO_INCREMENT for table `cashdiscount`
--
ALTER TABLE `cashdiscount`
  MODIFY `id` int(11) NOT NULL AUTO_INCREMENT;

--
-- AUTO_INCREMENT for table `category`
--
ALTER TABLE `category`
  MODIFY `id` int(11) NOT NULL AUTO_INCREMENT, AUTO_INCREMENT=5;

--
-- AUTO_INCREMENT for table `customer`
--
ALTER TABLE `customer`
  MODIFY `id` int(11) NOT NULL AUTO_INCREMENT, AUTO_INCREMENT=42;

--
-- AUTO_INCREMENT for table `expanses`
--
ALTER TABLE `expanses`
  MODIFY `id` int(11) NOT NULL AUTO_INCREMENT, AUTO_INCREMENT=13;

--
-- AUTO_INCREMENT for table `fos_user`
--
ALTER TABLE `fos_user`
  MODIFY `id` int(11) NOT NULL AUTO_INCREMENT, AUTO_INCREMENT=3;

--
-- AUTO_INCREMENT for table `invoice`
--
ALTER TABLE `invoice`
  MODIFY `id` int(11) NOT NULL AUTO_INCREMENT, AUTO_INCREMENT=117;

--
-- AUTO_INCREMENT for table `invoiceamount`
--
ALTER TABLE `invoiceamount`
  MODIFY `id` int(11) NOT NULL AUTO_INCREMENT, AUTO_INCREMENT=65;

--
-- AUTO_INCREMENT for table `invoiceitem`
--
ALTER TABLE `invoiceitem`
  MODIFY `id` int(11) NOT NULL AUTO_INCREMENT, AUTO_INCREMENT=755;

--
-- AUTO_INCREMENT for table `pinvoice`
--
ALTER TABLE `pinvoice`
  MODIFY `id` int(11) NOT NULL AUTO_INCREMENT, AUTO_INCREMENT=28;

--
-- AUTO_INCREMENT for table `pinvoiceamount`
--
ALTER TABLE `pinvoiceamount`
  MODIFY `id` int(11) NOT NULL AUTO_INCREMENT;

--
-- AUTO_INCREMENT for table `pinvoiceitem`
--
ALTER TABLE `pinvoiceitem`
  MODIFY `id` int(11) NOT NULL AUTO_INCREMENT, AUTO_INCREMENT=24;

--
-- AUTO_INCREMENT for table `product`
--
ALTER TABLE `product`
  MODIFY `id` int(11) NOT NULL AUTO_INCREMENT, AUTO_INCREMENT=219;

--
-- AUTO_INCREMENT for table `purchaselog`
--
ALTER TABLE `purchaselog`
  MODIFY `id` int(11) NOT NULL AUTO_INCREMENT, AUTO_INCREMENT=24;

--
-- AUTO_INCREMENT for table `state`
--
ALTER TABLE `state`
  MODIFY `id` int(11) NOT NULL AUTO_INCREMENT, AUTO_INCREMENT=38;

--
-- AUTO_INCREMENT for table `supplier`
--
ALTER TABLE `supplier`
  MODIFY `id` int(11) NOT NULL AUTO_INCREMENT, AUTO_INCREMENT=4;

--
-- AUTO_INCREMENT for table `unit`
--
ALTER TABLE `unit`
  MODIFY `id` int(11) NOT NULL AUTO_INCREMENT, AUTO_INCREMENT=3;

--
-- AUTO_INCREMENT for table `userimage`
--
ALTER TABLE `userimage`
  MODIFY `id` int(11) NOT NULL AUTO_INCREMENT;

--
-- Constraints for dumped tables
--

--
-- Constraints for table `cashdiscount`
--
ALTER TABLE `cashdiscount`
  ADD CONSTRAINT `FK_CB44472F2989F1FD` FOREIGN KEY (`invoice_id`) REFERENCES `invoice` (`id`) ON DELETE CASCADE;

--
-- Constraints for table `customer`
--
ALTER TABLE `customer`
  ADD CONSTRAINT `FK_784FEC5F5D83CC1` FOREIGN KEY (`state_id`) REFERENCES `state` (`id`) ON DELETE CASCADE;

--
-- Constraints for table `invoice`
--
ALTER TABLE `invoice`
  ADD CONSTRAINT `FK_906517449395C3F3` FOREIGN KEY (`customer_id`) REFERENCES `customer` (`id`) ON DELETE CASCADE;

--
-- Constraints for table `invoiceamount`
--
ALTER TABLE `invoiceamount`
  ADD CONSTRAINT `FK_3943CC6B2989F1FD` FOREIGN KEY (`invoice_id`) REFERENCES `invoice` (`id`) ON DELETE CASCADE;

--
-- Constraints for table `invoiceitem`
--
ALTER TABLE `invoiceitem`
  ADD CONSTRAINT `FK_FA8153272989F1FD` FOREIGN KEY (`invoice_id`) REFERENCES `invoice` (`id`) ON DELETE CASCADE,
  ADD CONSTRAINT `FK_FA815327F8BD700D` FOREIGN KEY (`unit_id`) REFERENCES `unit` (`id`) ON DELETE CASCADE;

--
-- Constraints for table `pinvoice`
--
ALTER TABLE `pinvoice`
  ADD CONSTRAINT `FK_C47B86C32ADD6D8C` FOREIGN KEY (`supplier_id`) REFERENCES `supplier` (`id`) ON DELETE CASCADE;

--
-- Constraints for table `pinvoiceamount`
--
ALTER TABLE `pinvoiceamount`
  ADD CONSTRAINT `FK_DE3406B5FA67A94` FOREIGN KEY (`pinvoice_id`) REFERENCES `pinvoice` (`id`) ON DELETE CASCADE;

--
-- Constraints for table `pinvoiceitem`
--
ALTER TABLE `pinvoiceitem`
  ADD CONSTRAINT `FK_CE99A5505FA67A94` FOREIGN KEY (`pinvoice_id`) REFERENCES `pinvoice` (`id`) ON DELETE CASCADE;

--
-- Constraints for table `product`
--
ALTER TABLE `product`
  ADD CONSTRAINT `FK_1CF73D3112469DE2` FOREIGN KEY (`category_id`) REFERENCES `category` (`id`) ON DELETE CASCADE,
  ADD CONSTRAINT `FK_D34A04ADF8BD700D` FOREIGN KEY (`unit_id`) REFERENCES `unit` (`id`) ON DELETE CASCADE;

--
-- Constraints for table `purchaselog`
--
ALTER TABLE `purchaselog`
  ADD CONSTRAINT `FK_BCF1134C2ADD6D8C` FOREIGN KEY (`supplier_id`) REFERENCES `supplier` (`id`) ON DELETE CASCADE,
  ADD CONSTRAINT `FK_BCF1134C4584665A` FOREIGN KEY (`product_id`) REFERENCES `product` (`id`) ON DELETE CASCADE,
  ADD CONSTRAINT `FK_BCF1134C5FA67A94` FOREIGN KEY (`pinvoice_id`) REFERENCES `pinvoice` (`id`) ON DELETE CASCADE;

--
-- Constraints for table `supplier`
--
ALTER TABLE `supplier`
  ADD CONSTRAINT `FK_9B2A6C7E5D83CC1` FOREIGN KEY (`state_id`) REFERENCES `state` (`id`) ON DELETE CASCADE;
COMMIT;

/*!40101 SET CHARACTER_SET_CLIENT=@OLD_CHARACTER_SET_CLIENT */;
/*!40101 SET CHARACTER_SET_RESULTS=@OLD_CHARACTER_SET_RESULTS */;
/*!40101 SET COLLATION_CONNECTION=@OLD_COLLATION_CONNECTION */;
